longitude,price,latitude,success,cost
113.980836777953,66.0,22.566142254795,0,28.128410006110673
113.940525211308,65.5,22.6862052598878,0,18.57461869444701
113.95719800411,65.5,22.5765118283363,1,21.999082663839875
114.24457109293,75.0,22.5648408102711,0,408.5917851425772
113.950722665736,65.5,22.5588877510826,0,16.24132134379692
114.241317401629,75.0,22.5589990603263,0,120.6776859724766
113.97225969676,65.5,22.5490037129604,1,23.994729850888024
113.956573538052,65.5,22.5627735077314,0,17.924510681788647
113.895660567915,66.0,22.5000119233833,0,60.99728921819348
113.923977803989,66.0,22.5437860995949,1,14.54383183730241
113.930859554515,65.5,22.5248636906434,0,15.986997542361365
113.935843611296,65.5,22.519087000679,0,17.45947670756084
113.977909038602,65.5,22.5479724310799,1,27.255889159047726
113.931428439716,66.0,22.5061687130557,1,23.317707888138475
113.936514493699,66.0,22.4996256609397,1,29.04343163314436
113.923645598933,66.0,22.540321415216,1,14.615548547117083
113.92473190182,65.5,22.5245541889304,1,16.71378630587222
113.898481737691,66.0,22.4981900986281,0,57.09429545739493
113.974968421143,65.5,22.5460394638191,1,25.794858803842946
113.937337700868,66.0,22.497728920198,1,31.031239221425515
113.927139030908,66.0,22.4941624669753,1,35.4052200094441
113.93567688759,65.0,22.5159201164617,1,18.437048139749304
113.94205574693,65.5,22.5157856773782,0,19.334042374750982
114.019649276618,66.5,22.5422096257037,0,33.162835889962125
113.99866008452,67.5,22.5445896135667,0,41.81011205586766
113.935839142226,66.0,22.4930831267728,1,37.99103430896262
113.919142922515,65.5,22.5248894876791,1,17.987791928531752
113.945311875335,66.5,22.5480858154297,1,14.443180165582058
113.982009250796,66.0,22.5647073449243,0,28.389962081853636
114.156395293242,68.0,22.5819344788478,0,15.907959654280328
114.131407227026,67.0,22.5429361050784,0,15.16021703415532
113.943441614942,65.5,22.5239495360594,0,16.886069773824456
113.956744570929,65.5,22.5510130545882,1,16.44830951370013
114.147122731579,66.0,22.5829932950536,1,12.871874377082623
114.131744697949,66.5,22.549270134625,0,13.396879957858376
113.935399270764,65.5,22.5259613413852,1,15.741693025105828
114.04213561073,70.0,22.7563792952752,0,45.999330179414414
114.422742132399,75.0,22.6414407060529,0,210.98139999288605
114.072883627376,66.5,22.711660071995,0,39.74073086891184
114.124153601375,66.0,22.6064932325456,0,10.862862885427779
114.072996896515,65.0,22.6622997110033,0,17.305688152773705
114.226377185934,66.5,22.635398280659,1,40.06305370799789
114.264097001048,67.0,22.7380284355305,0,30.56903031335996
114.154966375968,69.0,22.6255834838843,0,15.205227049232457
114.027229172221,66.0,22.6526549643723,0,9.867920413271372
113.896632665629,66.0,22.7889219689206,0,24.781963205207923
114.244292079239,67.0,22.7010356427446,0,31.927716687942482
114.12149281776,67.0,22.6315405076403,0,14.028301306934171
114.195532954479,68.5,22.6417147970367,0,28.611082030650294
114.345418821992,70.0,22.689403355188,0,78.99554714419028
114.063832661281,66.5,22.6301004227929,0,13.63267920865776
114.071717684316,65.5,22.6639167291901,0,16.947249267049546
114.378843000345,70.0,22.7506640039026,0,124.46214934438129
114.073801635421,67.0,22.7227256081329,0,39.673540152763735
114.229981802978,67.0,22.6413803215711,0,39.72396327292733
114.309587840635,73.0,22.7764075422069,0,175.2949033797892
113.905761364795,66.0,22.5870653356629,0,23.41560525464682
114.147487353786,69.0,22.6933957055509,0,70.81461108703739
114.058613751507,66.0,22.6040496991942,0,21.357912886748917
114.06791620901,65.5,22.6376363999893,0,13.456338196119678
114.07477225632,65.5,22.6578852114526,0,17.333057267713112
114.157260801849,67.5,22.6178181688603,0,15.252611774526871
114.422742132399,75.0,22.6414407060529,0,210.98139999288605
114.300806526091,73.0,22.7813987573364,0,192.8560366940936
114.27771560183,67.0,22.7229412237494,0,27.683060142674027
114.22093326141,67.0,22.6747071093467,0,32.43495727275246
114.026397428454,65.0,22.6628381443602,0,9.75571973858111
114.079493396147,65.5,22.6577697242095,0,20.95209186053511
114.210092791689,66.0,22.6569132739748,0,31.207518493889314
113.818449251052,66.5,22.7385903883485,0,16.539364153260507
114.32225700256,70.0,22.7163633127048,0,57.40227206018486
114.04663858269,66.5,22.5233140084978,0,25.349775447233757
114.212454874348,66.0,22.6530142206891,0,30.973189978029602
114.083134154717,66.5,22.5331754025637,0,15.075492188750937
114.130362976515,66.5,22.5995590515513,0,10.898321689773802
113.936624148954,68.5,22.6502783683962,0,34.06664329492384
114.285890066086,65.5,22.7378203776219,1,30.654571939630195
113.818449251052,66.5,22.7385903883485,1,16.539364153260507
113.995040147773,71.0,22.7430010931667,0,90.31147849053835
114.044819584999,66.0,22.6349541735094,0,10.880822912026293
114.026239909685,70.0,22.7513933784059,1,43.906218184374424
114.152415879117,67.0,22.6155646326245,0,13.98835132685246
114.000085031516,66.0,22.6844700633893,0,16.69364332647793
114.020001901954,65.5,22.6651428008973,0,10.211736818703422
113.81707837037,66.0,22.6933155162664,0,18.412566453567166
113.851361212011,66.5,22.7560020308019,0,24.14622977320142
113.831291899127,66.0,22.7333561925431,0,17.31762190717835
113.917004348147,70.0,22.7778578024144,0,25.58034817356618
113.8079954237,66.5,22.7059717485156,0,18.0883899801325
113.972689897065,70.0,22.7046649683488,0,28.423670759380435
114.053593678065,65.5,22.6520496098925,0,10.759543802273802
114.061619587743,67.0,22.7213341121282,0,39.78760530561648
113.834786135085,70.0,22.6800886065083,0,25.261342998365045
113.816054302089,66.0,22.7087497447993,0,16.984192694780145
113.868531174692,65.5,22.607669788426,0,31.52176141647802
114.061381858376,67.0,22.7271036717407,1,38.40907568024802
113.832938493127,65.5,22.6795558910636,0,24.740823387863497
113.822362023717,65.5,22.675097731447,0,25.540821493925694
113.831291899127,66.0,22.7333561925431,0,17.31762190717835
114.038058741903,66.0,22.611775078928,0,19.53428049236808
114.066647673172,66.5,22.7300665719473,0,40.257952461432545
113.929912549169,70.0,22.6523537636241,0,34.16592880358048
114.065237460183,66.0,22.7136525650851,0,40.55864397197778
113.89007789741,70.0,22.5607343074643,1,23.369082827244387
113.825705157502,65.0,22.6734335276973,0,26.746531634687113
114.125910235104,67.5,22.5915549765801,0,11.157009539033586
113.923561080063,70.0,22.6705219973773,0,26.275583106161076
113.844902563379,66.0,22.7003870654451,0,23.13604483867622
113.906894768535,65.5,22.5635036060249,1,17.91472798817426
113.930013135693,68.5,22.7074327930824,0,25.70609837615705
113.851360434976,70.5,22.6335574972806,0,52.645288796011464
113.896166355239,65.5,22.5641925131759,0,20.66201800632742
114.038411728358,66.5,22.6691926689555,0,10.88072279510791
113.855062769694,66.5,22.5962807681237,0,33.455836800634984
113.81156753556,67.0,22.6851882278014,0,21.15951786181749
114.096776550712,66.0,22.7070081399144,0,39.57887198716689
114.068783000165,67.0,22.7303490034601,0,37.09094426015765
113.869894332642,65.5,22.6076110049139,0,31.56006970886406
113.91327495018,66.0,22.5848807593367,1,21.897559032174453
113.894562979616,65.5,22.5609901044042,0,21.618485231311958
114.280464023231,65.0,22.7356517809663,1,28.57721009138489
113.888016568333,66.5,22.5819431420697,1,22.914513831839898
113.907183429129,65.5,22.5829728906449,1,21.631442667734703
113.919110416432,66.0,22.5413895409741,1,15.295155120064518
113.855116111075,66.0,22.7704017692631,0,23.92563599173772
113.665172812936,75.0,23.1676903546272,1,411.70959812997177
113.387590060323,65.5,23.1654980452292,1,17.171607229895194
113.338711283964,65.5,23.1593359975333,0,13.589097554254298
113.419959772635,66.5,23.1687891455769,1,28.81468613912232
113.350618568732,65.0,23.1284929476215,0,10.764176636735167
113.416260868546,65.5,23.1307022473192,0,12.785676721958831
113.389486698559,65.0,23.1382207893585,0,10.097607510391464
113.597485671544,75.0,23.1861168487634,1,364.09531549895064
113.411547026554,65.0,23.1240189591638,0,11.898261505478812
113.372836112767,65.5,23.1381658955335,1,10.311764057484732
113.406846999602,68.5,23.1996730122491,0,46.51145426910427
113.361124926295,65.5,23.1224808721127,0,10.203472316681431
113.374908952731,65.5,23.2001391478776,0,22.791575042066043
113.548436650122,68.0,23.1012502166771,0,67.93915565045165
113.561445341886,69.0,23.1248664643703,0,64.02556408971623
113.492884574249,66.5,23.1087118142391,0,59.38814265544702
113.408115078202,65.0,23.1243156395216,0,11.352925487155881
113.337954403182,66.0,23.1675143840217,0,15.00477972960389
113.390007969091,65.0,23.1354420411307,0,9.816540934410186
113.331549452559,65.0,23.1368057684525,0,11.03698798716283
113.42048908658,66.0,23.1159303246968,0,14.511554550736951
113.343334634253,66.0,23.1618940670467,0,13.24970678060795
113.453448444076,66.0,23.1097973945641,0,27.75293130773833
113.453481189203,66.0,23.1097580892894,0,27.771304695372354
113.449201701942,73.0,23.1909047341958,1,109.23869421547958
113.492884574249,66.5,23.1087118142391,1,59.38814265544702
113.484963504791,65.5,23.0998282189715,0,56.77477074178828
113.429744979892,70.5,23.0797894313979,1,52.51052436673934
113.544217136668,67.0,23.1181011943149,1,63.465937919657335
113.492884574249,66.5,23.1087118142391,1,59.38814265544702
113.487241158411,65.5,23.1011247274453,0,57.88994215396355
113.515291376765,73.5,23.1487229407005,0,129.62098429685292
113.289293329367,69.0,23.0479763966089,0,26.54232953971704
113.278240859545,66.0,23.1111406826233,0,6.938751693217792
113.416799529649,70.0,22.9345907957979,0,75.1759267528597
113.347511423398,75.0,23.3969086250469,0,1233.177368876625
113.531677147482,70.0,23.0913807065672,0,79.63209498460493
113.300569151175,66.0,23.2156529919026,0,18.246436322887156
113.442775215343,66.5,22.9609932512206,0,97.35019271124713
113.256333074606,65.5,23.2128091257282,0,15.885143441488506
113.331306286413,69.0,23.2945140830139,0,45.004652616011846
113.204265310992,70.0,23.2374577140508,0,80.22601649028185
113.360399252647,74.5,23.3718457592623,0,263.0938473013061
113.410598974178,74.0,23.3862789522872,0,146.16152949918316
113.319993212109,65.5,23.2577840626908,0,25.204948728626288
113.204206100083,67.5,23.0802913180246,0,32.56056350881663
113.256333074606,65.5,23.2128091257282,0,15.885143441488506
113.264093640781,66.5,23.2523133871887,0,28.07042671642719
113.273631743806,65.5,23.2617120579038,0,27.041549559459487
113.248217962292,65.0,23.1965714623088,0,14.696171122991233
113.223460705564,67.5,23.233763172406,0,47.823311445062124
113.857589590804,66.0,22.604959707051,0,32.713384974383736
113.583522613719,70.0,22.7503426275261,1,176.1702733535324
113.218596106348,67.0,23.112957963072,1,21.025191819749185
113.27575799971,65.0,23.1317590111482,0,7.09590472026428
113.288511874539,65.5,23.1404538960516,1,8.118209074108265
113.422445466624,65.5,23.1288238498394,0,13.767259875105522
113.372836112767,65.5,23.1381658955335,1,10.311764057484732
113.303714558036,65.0,23.135343036366,0,8.502484852016316
113.293760883836,65.5,23.1441611874437,1,8.659201494226421
113.308793343828,65.0,23.1350887199493,0,8.914328330967582
113.350269600398,65.5,23.1291226806063,0,10.836003214301915
113.350753117381,65.5,23.1355991942272,0,11.508162692607145
113.463408611086,69.5,22.8914003692739,1,783.869757705142
113.339825712796,65.5,23.1324472006173,1,10.796454437983785
113.391320724901,65.0,23.1378221906984,0,10.05694190462002
113.334185837298,65.0,23.1370846778693,0,11.222510529850851
113.347128721895,65.5,23.1996540489449,0,18.49703915067273
113.418328010558,66.0,23.1628186802684,1,20.512782721688673
113.33624247722,65.5,23.1621334712159,0,13.952549413400522
113.359043890192,66.5,23.1745217883214,0,15.26598794471527
113.373441000257,65.0,23.1396300112367,0,10.459063162571262
113.512806615216,75.0,22.8292607570027,1,1270.9949525878349
113.563484892444,74.5,22.7740343384781,1,354.29304551103075
113.567051785148,75.0,22.7609687421639,1,453.54668809306395
113.259724537227,67.0,23.06873265818,1,21.494048227413312
113.214808316726,70.0,23.3804385369808,1,36.05940610679239
113.259826043953,67.0,23.0683224425615,0,21.650484792626973
113.553841124661,66.5,22.8066172363972,1,326.48716756234273
113.554093517069,66.5,22.8080831187483,1,332.78599308365125
113.552166166666,70.0,22.807546702812,1,332.1986470799294
113.582300593937,70.0,22.7515565254918,1,131.08238399217322
113.493320018744,75.0,22.7372249570996,1,1688964.6012309643
113.583011167968,70.0,22.7514939634161,1,153.04104624504387
113.492884574249,67.0,23.1087118142391,1,59.38814265544702
113.225977000331,66.0,23.1438110113331,0,15.537396092204043
113.18650320598,70.0,23.452313317277,0,104.04330345077302
113.28750899998,68.0,23.3387320144502,1,72.34656055416093
113.159491967779,70.0,23.4663327934283,0,89.33532731155672
113.225830285482,66.0,23.1421736666503,0,15.402506382959519
113.178884764987,70.5,23.374775772357,1,87.1591965349314
113.162317292602,70.0,23.4707976950687,0,85.13612893629704
113.251180512779,66.0,23.1369726166487,1,8.652128414171564
113.281831122566,70.5,23.4567319436188,1,123.63618690817778
113.216877071196,65.0,23.3928644657187,1,29.4357979149989
113.190665542288,70.0,23.4594832741594,0,100.4679281815966
113.552891213297,75.0,22.7102301705629,1,2533827.068488979
113.156847690528,70.0,23.466897437603,0,90.78891640292206
113.221447149273,70.0,23.3948402819022,0,28.051457098326832
113.111064901651,75.0,23.3388714432594,1,1291.2586730954754
113.228661761516,75.0,23.4739306979279,0,121.60526579746633
113.255981176897,70.0,23.415362495971,1,85.4274871286371
113.214823185478,65.5,23.3962014611059,1,31.097779613585622
113.218564358435,70.0,23.4049935441326,1,36.627672948940365
113.288290696452,66.0,23.0756222678072,1,13.623814100668266
113.207607097319,70.0,23.3724341706871,1,49.48226277588961
113.208056767498,70.0,23.425831172849,1,74.95247804811073
113.25153069652,70.0,23.3984107824574,1,55.10091006554839
113.209449233563,70.0,23.3895943664696,1,33.97072244285526
113.209090840207,70.0,23.4038021496939,1,39.416332582647804
113.209232887461,70.0,23.3950883145195,1,34.730190997311304
113.239735000161,66.0,23.0969280105105,1,13.437748619361676
113.212755376026,70.0,23.4084128090178,1,41.63440967284454
113.337875769111,65.0,23.0918714635254,1,14.336237764045949
113.221447149273,70.0,23.3948402819022,0,28.051457098326832
113.340585953241,65.5,23.0953786446699,0,13.696598770135855
113.169637572138,71.5,23.4064905563046,1,190.70018070530026
113.272654115225,65.5,23.1002261378906,0,7.967188941073426
113.268162269676,66.0,23.1140539351209,0,7.009421753938546
113.205743562539,70.0,23.4260402551923,1,76.3829040975166
113.361995204673,66.5,23.0914437936008,0,19.9558028581537
113.323263141182,66.0,23.0725067756973,1,16.27765581013043
113.314500058647,65.0,23.0987470300923,0,10.438543091807059
113.361821053777,66.5,23.0922354401604,0,19.271383225775622
113.309217218266,65.5,23.0922576316007,1,10.87409179000131
113.356352889423,66.5,23.0781382751711,0,21.4750691458902
113.357390647834,67.0,23.0720749507871,0,22.326417249733844
113.332467287231,65.0,23.0868626906769,1,14.763669300575923
113.279266420157,65.5,23.0934910827144,1,8.925878471767872
113.328379781568,65.0,23.0888786540514,1,14.106675622717125
113.343204462598,65.5,23.0869086308023,1,15.95101068061121
113.333841266126,65.0,23.0876292287885,1,15.002614125873345
113.322619933776,66.5,23.0688473269984,1,15.980395232469203
113.399594747459,68.0,23.0140365266132,1,86.3796439491077
113.339986287601,65.5,23.0830827872767,1,16.48679730114592
113.289293329367,69.0,23.0479763966089,0,26.54232953971704
113.333797010249,65.0,23.0923158175952,1,14.026693955018137
113.364357668065,65.0,22.941040742845,1,27.439735335336312
113.321480990538,65.5,23.0960712672027,1,11.526479041986645
113.325271269013,65.5,23.0191955713843,1,18.429407835771897
113.419107833613,75.0,22.814592396584,0,325.9624830085929
113.418650592067,67.0,22.9663956802127,1,71.58897727346971
113.416799529649,70.0,22.9345907957979,1,75.1759267528597
113.405244729793,70.5,22.9910604358432,1,132.59405159546867
113.442038240113,66.0,22.9617871362599,1,96.86320773597993
113.461447492481,72.0,22.889927928137,1,722.6218261204733
113.357449441031,68.0,23.0217001615757,1,27.58626334097294
113.414159872993,75.0,22.8100654032477,0,277.69521237352126
113.320175523213,67.0,23.0074313211394,1,22.70158137878095
113.371203549402,65.5,22.9419492749117,0,27.323693792853028
113.404493207404,65.0,22.9442835155064,1,43.90494897335818
113.35658051101,66.5,22.9648193856445,1,30.612528012170333
113.416799529649,70.0,22.9345907957979,1,75.1759267528597
113.322274897324,66.0,22.9803507142826,1,43.29346992869853
113.423847297525,67.0,22.9570529358364,1,72.26391551987604
113.408129594819,65.5,22.9685945194393,1,62.77154087921296
113.345148218755,66.5,22.954544920309,1,31.62427538427307
113.37549023365,68.0,22.9226513421145,1,40.437274123907144
113.36044210182,65.0,22.9422816695258,1,27.368578856847265
113.365905849252,65.5,22.9532139767131,0,26.37608947467214
113.368049181045,65.5,22.9543575536001,1,26.42614782654825
113.404437697513,65.5,22.9677616002698,1,54.97970485308416
113.35841800032,65.5,22.9541090079089,0,27.673637082063475
113.360734032246,65.0,22.9400120209537,0,27.933565106992404
113.269913812089,69.0,23.0539947236249,1,33.11726691773617
113.360686171427,65.0,22.9428917947507,0,27.202061525419204
113.598866296147,70.0,23.5552806571256,1,75.92395294198653
113.403309240742,65.0,22.9454816134881,1,42.68472891212459
113.382774251672,67.5,22.9695087864523,1,37.074245462873485
113.580384782268,70.0,23.5634113272119,1,127.7187076954443
113.431395570977,70.0,23.625476281953,1,159.36807649519523
113.539711364689,70.0,23.8783980646874,1,5.196547852854256e+23
113.739427045502,75.0,23.7231177315918,1,33652330545.948788
113.601878162707,70.0,23.5603869306323,1,84.91668629720608
113.592683288069,70.0,23.5443598586509,1,70.48207012922384
113.592693395803,70.0,23.5445699394393,1,70.38776226676103
113.596300622424,70.0,23.5507963621779,1,73.7810479470639
113.957929440388,75.0,23.8161076699866,1,1.1332493903753383e+28
113.592775572791,70.0,23.5496608593721,1,69.72775024573592
113.264376444648,66.5,23.2315862158006,1,19.085963758982714
113.59466398704,70.0,23.5565433531905,1,80.26351424630597
113.602250999917,70.0,23.5509090172857,1,73.30151726112418
113.284509235392,70.0,23.451655228992,1,142.86449231587952
113.283053118991,65.5,23.2141768895224,1,16.726524078553403
113.30125296199,66.5,23.3433234671707,1,39.0962159450058
113.589514390519,70.0,23.5584065115483,1,90.58962129626701
113.311197191406,65.5,23.2410397884986,1,20.950771416995504
113.282908079482,67.5,23.1726853608924,0,14.122622201380317
113.25790735052,65.5,23.1791674407324,0,13.0128760604608
113.274368000391,66.0,23.2290590127881,1,17.91040193609721
113.259458632508,65.5,23.1991462436325,0,14.374321364177682
113.284813628909,65.5,23.21375407025,1,17.049056028688078
113.3157819451,65.5,23.2539606231786,1,22.88702349404285
113.250263998616,65.5,23.2138522396319,1,17.227247580732058
113.286259611525,65.0,23.2169617302372,1,17.128771340858865
113.331306286413,69.0,23.2945140830139,1,45.004652616011846
113.277071510111,66.0,23.2418876586757,0,19.294573131803478
113.311166428036,65.5,23.2422595225982,1,20.91193217584228
113.23346030743,65.0,23.1836503160286,1,14.739368284932109
113.238775254148,65.5,23.1990704508838,0,16.571303384131554
113.283780707827,65.5,23.2370947579221,1,18.1809461491394
113.33669812113,66.0,23.1871881251048,0,18.175702100757505
113.249281992413,66.0,23.2203504832305,0,18.80810889233602
113.233372520524,65.0,23.2184431225644,1,24.10169051800754
113.264933810878,65.5,23.2127790884372,1,15.504850688299761
113.309807315155,65.5,23.2278329763257,0,20.2511832993448
113.246117778807,65.0,23.1780159610261,1,12.910334872283107
113.282637918591,65.5,23.2205046444513,1,17.42751923601757
113.236325834633,65.0,23.1862330842068,1,14.568833387836348
113.331306286413,69.0,23.2945140830139,1,45.004652616011846
113.227692632702,65.5,23.1589895713282,1,15.608501848905583
113.28101500123,65.5,23.2139486173374,1,16.84363204927479
113.248234670775,65.0,23.1788683820703,1,13.01099010750173
113.232305309581,65.0,23.2187216190125,1,25.426016421322647
113.236867505669,65.5,23.2179401249466,1,23.300226933389425
113.331306286413,69.0,23.2945140830139,1,45.004652616011846
113.264376444648,66.5,23.2315862158006,1,19.085963758982714
113.283056999671,65.5,23.2315970128017,0,17.60712932300369
113.239681806102,66.0,23.153345169411,1,11.734674375276006
113.264474385999,65.5,23.2127106445265,1,15.500658890912536
113.236085547791,65.5,23.2213710444092,1,24.329137449576592
113.322414943153,66.0,23.1728152741435,0,16.65563925730859
113.335895625293,65.5,23.206365215514,0,19.46805593855561
113.279566039833,65.5,23.2363716469651,1,18.043914610586533
113.24107025225,65.0,23.1953868141147,0,15.564937819966142
113.309597291327,65.5,23.2262087621914,0,19.782215947222074
113.229730924734,65.5,23.1570952030703,1,15.120346098649305
113.267647183093,65.5,23.1618569962278,0,10.04149608646209
113.25493629847,66.5,23.1564503764983,0,10.01444936108939
114.067579305816,65.5,22.6389990620084,0,13.1130146591695
113.919528084477,65.5,22.5192435219873,1,19.338216838542326
113.873589422526,72.5,22.6705773556367,0,69.74307332529897
113.972902100183,66.5,22.5878132063265,0,32.23742328929986
114.118813432035,66.0,22.5720465259862,0,10.808278937770153
113.959148610744,65.5,22.5824326423416,0,25.112417896187583
113.834786135085,65.5,22.6800886065083,0,25.261342998365045
113.989355615712,66.0,22.5635259004334,0,31.143485481341706
113.397404768457,68.0,23.0121795664196,0,98.84333127941568
113.945959701828,65.0,22.6873086955968,0,18.47709327753481
113.235560013017,65.5,23.2177188982725,0,23.47393812046608
113.301097836307,66.0,23.2737321369292,0,28.979632034478485
113.362141773997,65.5,23.3008098153715,0,77.76956780406768
113.278165851035,65.5,23.2617227071835,0,25.188950148364018
114.025973657322,66.5,22.5460535462053,0,29.9409396178155
113.225451178099,66.0,23.1431172149711,0,15.638343075784649
113.362121549546,65.5,23.300429499058,0,77.72253694544193
113.334818026987,65.5,23.199247592595,0,18.99740093135187
113.65815243231,68.0,23.0970508132233,1,202.6947487060864
113.660440161324,75.0,23.1292895501859,1,169.12922753652066
114.071911743459,65.5,22.6415353446723,0,14.527650883856442
113.315793623072,65.0,23.0309814250994,1,17.725228768994235
113.32124534938,66.0,22.9798450837371,1,42.85573704892381
113.274983579513,65.0,23.1320667530002,0,7.11707834078904
113.27520379821,65.0,23.129749076947,1,6.998514996206195
113.44558975742,66.0,22.9626785886346,1,101.03363911153207
113.301162220558,65.5,23.1285800369406,1,7.849053654824131
113.300500023872,65.0,23.1424679663343,0,9.159276091314432
113.349796552716,66.0,23.1824607136605,0,16.271503558931816
113.593355832336,75.0,22.7766539600848,1,499.02882063744653
113.61298488569,75.0,22.6494630437426,1,45994304224.77879
113.327461284846,65.0,23.1389117583799,0,11.100252460613206
113.329808547261,65.5,23.123828970428,1,10.11892150628897
113.553916809104,72.0,22.8083933706056,1,334.55940313443017
113.293760883836,65.5,23.1441611874437,1,8.659201494226421
113.521871138538,74.0,22.8277143535964,1,1064.9637472313573
113.304810722521,65.0,23.1356204334411,0,8.61220865715861
113.258166227795,65.0,23.127426434224,1,7.557079425641423
113.220175512121,75.0,23.4466609971413,1,111.75404158159822
113.275790383623,66.0,23.0806820394645,1,13.07559727363625
113.163008025374,75.0,23.4743092941471,0,86.48624573290891
113.253472000303,65.5,23.120114010906,1,8.141176805138613
113.328650207459,72.0,23.4418427444799,1,175.5645274969512
113.256925866412,75.0,23.378032945333,1,64.90049687852586
113.330027902687,72.0,23.4422022951455,0,173.64837963447152
113.239851353182,75.0,23.4032988937471,1,42.87404886993864
113.425450543792,75.0,23.4311596868872,1,49632.1753350065
113.314598833626,65.0,23.0303004946802,1,17.92576993510614
113.329363505152,66.0,22.9747908619712,1,41.02007885457669
113.395322940947,68.0,23.0133503923012,1,84.86629522917654
113.461447492481,72.0,22.889927928137,1,722.6218261204733
113.34507674867,73.0,22.842244770478,1,1241.7999977702214
113.17289253005,75.0,23.4644497271334,0,86.95228428593957
113.317861522355,65.0,23.0276837498034,1,17.33006349696145
113.497229597034,75.0,22.9755619199802,1,247.82348976191653
113.349896587119,73.5,22.8399689196883,0,1083.3781537864986
113.350763623513,75.0,22.9122911460487,1,80.91969278945365
113.320897653944,65.0,23.0274921446275,1,17.09400064716608
113.360998992846,65.5,22.9505863015384,1,26.774503768782054
113.33540875269,65.5,22.9728433412892,1,37.493531804774484
113.442775215343,72.0,22.9609932512206,1,97.35019271124713
113.406359711981,65.5,22.9628339452883,1,54.5644082701765
113.406340583464,65.5,22.9537741327476,1,47.26655501483147
113.597955232004,75.0,23.5419698533912,1,68.36363970185239
113.406527119341,65.0,22.9429413696911,1,46.06560880710582
113.409663520219,70.0,22.8944532099976,1,188.1660865143536
113.331499140264,65.5,23.0161960097444,1,19.440056170179417
113.214927947664,66.5,23.156559482763,1,23.712772295238988
113.37569955141,65.5,22.9564903004594,1,27.639438117181637
113.595113187405,75.0,23.5536667149567,1,75.60130854824308
113.362942086053,65.5,23.2988137457814,1,78.04155115852029
113.498304440238,80.0,23.4545743426997,1,8434284.555917012
113.292355934019,66.0,23.2516148006236,1,20.85916078414201
113.237639583208,75.0,23.2811907548296,1,66.21843610283148
113.595383667194,75.0,23.5532427964904,1,75.04887254898395
113.299976259658,66.0,23.2584006380005,1,21.7228892047532
113.595332846458,75.0,23.5538084332656,1,75.6363121448897
113.264351529246,65.0,23.2071763291842,1,14.957247952107021
113.282637918591,65.5,23.2205046444513,1,17.42751923601757
113.273663975906,65.5,23.2177287604034,1,16.350888677118338
113.186915348548,75.0,23.4580336555592,0,99.30982095984253
113.213463779751,75.0,23.3754397964086,0,41.87535756879742
113.190817204106,75.0,23.474842874825,0,97.242370635855
113.17009429132,75.0,23.472901888906,0,84.41413151414145
113.161180117391,75.0,23.4684162918268,0,86.29638966926042
113.989221103445,69.5,22.5261987627598,0,47.59440713102156
114.116091331883,67.0,22.5552812580573,0,11.405337826532588
114.244500689134,69.0,22.7228646081948,0,30.871534238900193
114.178127474059,73.0,22.5677825311535,0,56.55466213941616
113.990763435615,66.5,22.5638244435893,0,32.68866681952096
114.123302633871,72.0,22.6315777017323,1,14.071578223774964
113.946203836112,72.0,22.6815574126063,0,17.840589295449274
114.111156285752,66.5,22.5470051749444,0,12.041369056920715
114.0502176654,67.0,22.5493806296082,0,16.924857232612645
114.031744934255,66.0,22.5342988046997,0,28.289043503938423
114.493609587007,85.0,22.5787279784552,0,409.48448874791563
114.043871991263,66.0,22.6404087152961,0,10.165351825759984
113.831527301883,65.5,22.7338322090264,0,17.334649285264835
113.900408872501,65.5,22.7856717283286,0,23.692975089297136
113.853852033528,66.0,22.7724830477487,0,24.226064315184328
113.78907951532901,72.0,22.7404093434381,0,26.427399990723952
114.027289854554,65.0,22.6614932964768,0,9.685283472554095
113.159491967779,72.0,23.4663327934283,0,89.33532731155672
113.887926800664,66.5,22.5819774592918,0,22.924600459488104
113.562851527771,72.0,22.8051790039117,0,319.06385625204064
114.140315372427,85.0,22.7052890344912,0,60.206299769309766
113.333153377047,65.5,23.1909642166212,1,18.863540415785153
113.943441614942,65.5,22.5239495360594,1,16.886069773824456
113.30579152751,65.0,23.0978520176137,0,9.615282358573666
114.053908802739,65.5,22.5271284915562,0,19.787489394172823
114.104955103158,67.0,22.5466030450199,0,11.989515573342649
114.144938591563,67.0,22.5751764354803,0,14.272718335623242
113.900111175851,65.5,22.5684783990602,0,19.29623210708583
114.065868116464,80.0,22.5382641984622,0,14.339365880882825
113.328810272924,65.0,23.1387561070194,0,11.179275228931225
113.601178905529,75.0,23.1433909799207,1,91.00322218482367
113.28906062063,80.0,23.1200324874268,0,7.153779441399158
113.30376769101,65.0,23.1354253191953,0,8.509649891394584
113.243143347333,66.0,23.1643204372819,1,11.925472797441945
113.412053885556,65.0,23.1258531131285,1,11.939480086651098
113.332338938238,65.5,23.1260611995584,1,10.230660402588734
113.331979797491,65.0,23.1526315749439,1,13.307417864559056
113.411186844672,80.0,23.1284220021568,0,11.76271432289943
113.271628398553,80.0,23.188455969486,0,15.213584360560478
113.393421646793,66.0,22.9429569540966,1,36.377820809980555
113.266406830693,66.5,23.0945011126069,1,9.318841205691463
113.270313368219,80.0,23.1967696624656,1,15.100044449134502
113.124366095163,65.5,23.005695836616,0,28.226211955104834
113.788434186424,65.5,23.0449075056443,1,19.05532124768795
113.120130016956,65.5,23.0327255181001,0,18.650763525140682
113.124130949323,65.5,23.0062112801321,0,27.32123875279299
113.751681280112,70.0,22.7775913935574,1,33.89613954694206
114.179051768446,70.5,22.7210375151079,1,84.02371166515704
114.172988181103,72.0,22.8123049141894,1,80.4569340973955
113.761810573039,66.5,22.801073004636,1,26.314458633687163
113.120797190255,65.5,23.0312231929567,0,18.853937809771782
113.871321006181,70.5,23.0559517080781,1,101.99777366848768
113.643302609506,71.5,22.9169247082038,1,53.831300092396525
114.127590783255,70.0,22.8773995767733,1,125.50606056137343
113.797148630807,66.5,23.0648320643372,1,25.699317537514162
113.681719877102,69.0,23.0102541618787,1,125.8004796296669
113.662638304127,67.5,23.061598763352,1,375.4895581049195
113.711922278254,68.5,23.0416214033427,1,51.012411482273365
113.693671167163,70.0,23.0854273134241,1,242.18087207827816
114.153499810477,70.0,22.8552256842654,1,91.21233446370294
113.823866505784,67.5,22.8054401830895,1,28.132580556105253
113.742463672955,70.0,22.822327887882,1,35.09126156260684
114.166906113819,70.0,22.8509409792328,1,75.35640391961319
114.17089092789,70.0,22.8503093107703,1,75.01306347534543
113.707651898251,70.0,23.005676034913,1,59.10123859448113
113.826672991858,68.0,23.0620925439786,1,57.717422192634864
113.645469398751,69.5,22.8447841362007,1,127.374413273804
113.631544853978,67.5,22.8517147667039,1,191.91396172024795
113.853997648851,72.5,22.8613970561248,1,175.29889333194026
113.803729101343,65.0,22.8196359913028,1,34.91673768549374
114.156533919082,70.0,22.7956613516103,1,93.76652056531249
113.790786495221,67.0,22.8056751375083,1,26.454775053886614
113.615440171139,67.0,23.0006485235747,1,637.3125005843935
113.763894855302,66.0,22.7824964256032,1,28.592616569794707
113.047410471082,72.5,22.9599826103358,1,114.55516403876096
113.685852854091,68.5,23.0147858347414,1,111.64593856361265
113.767262814975,66.0,22.7813971598431,1,27.580136018553976
113.842971110415,69.5,23.0517083437427,1,77.49948515876598
113.772501843648,67.5,22.9914280505848,1,70.49102303559738
113.798738433932,69.0,23.0782913463907,1,34.0825784957988
113.798758391046,66.5,23.0628645421618,1,25.594355958882655
113.770091056211,65.5,23.0553868990725,1,18.751404321152503
114.062761463402,70.0,22.8001634735636,1,71.2539319210154
113.549906052461,75.0,23.0484554136479,1,328.5455262618067
113.809035656989,65.0,22.8210452694299,1,35.94709077739137
113.797833496682,68.0,22.7958978994958,1,22.874154757384304
113.737400338018,66.5,23.0606086523514,1,32.99618494426719
113.823368605583,69.0,23.0178395430925,1,58.54222564640864
113.814796412968,67.0,23.0582848424311,1,33.86681910281364
113.896613801214,69.5,22.9693645389803,1,39.41046825996099
113.768067630237,65.5,23.0146520620935,1,29.745438428142624
113.800023321624,71.0,22.9952256500461,1,72.78285425965196
113.832168844729,68.0,23.0586652539435,1,58.46739776071305
113.725147041239,68.0,22.9874480584181,1,50.170486793545734
113.732371574368,67.0,22.9931322469322,1,46.32309597901095
113.804578898355,66.0,23.0287129725023,1,29.653911823478946
113.734588322874,67.5,22.9741748502627,1,58.78314417510918
113.676795108485,66.0,22.9413278534327,1,34.2439314710542
113.255757350605,66.0,22.8433968694871,0,71.44273155195002
113.810219858108,67.0,23.0616798513549,1,31.04097523280598
112.899403058306,70.0,23.1793488547003,1,105.6891152716432
113.068851324902,75.0,23.1745526562453,1,253.8262914251919
112.87840230232,70.0,23.176777556242,1,80.05455893867921
112.907385715472,70.0,23.1694339716979,1,137.21096916377203
113.024751811431,75.0,23.2615298960726,1,183.53970604909
112.893812550085,70.0,23.1686518599911,1,104.47537575121378
112.914899704195,70.0,23.1632181205162,1,216.37274274231825
112.84454078101,75.0,23.0705795085387,1,386.5687999805567
112.901982569526,75.0,22.9042229182472,1,124.06061029583034
113.2034172001,70.0,23.038668502773,1,53.38071633681788
113.171393135087,69.5,23.2030049778886,1,115.22315130936194
112.906063634338,70.0,23.1701889270547,1,132.49984325875363
113.226557750351,70.5,22.8779429180473,1,138.71673969029686
113.205158375788,68.0,23.1882857509082,1,30.936416387314036
113.177420842311,66.5,23.1176526030152,1,42.275505101906525
113.110448529325,67.5,23.1465983899744,1,109.21628958329677
113.191485208337,67.0,23.1223276296192,1,39.094698865723714
112.902415982172,70.0,23.1673058447853,1,126.24306447775021
113.199121080051,66.5,23.1043540831342,1,32.19891211329281
113.092755151871,75.0,23.1858571842096,1,127.96877863292538
113.142195274851,66.5,23.0667704175712,1,28.81490536308843
112.921450878294,71.5,23.0440368254211,1,205.19255254668468
113.000031758026,73.0,22.8366157391784,1,206.18988320821384
113.008964017539,73.5,23.0070736517263,1,579.7433492156148
112.971287414513,75.0,22.9534378642144,1,382.8138701162919
113.041381325849,70.0,23.0782653874698,1,243.5799264993473
113.015288870752,73.5,23.1136000139085,1,171.8296051946411
113.2034172001,70.0,23.038668502773,1,53.38071633681788
113.156188978369,66.0,23.0695963041142,1,32.61447070213658
112.892336616166,73.0,22.903113126007,1,131.3359660944991
113.135579080501,66.5,23.0636965078897,1,26.593136617701436
112.884142464646,75.0,22.9105595649827,1,155.8579524400684
113.170454746287,66.5,23.0386304064782,1,26.696645602505736
113.132115298896,66.5,23.0657334258076,1,28.35255573693222
112.904940835095,70.0,23.1566635900953,1,153.18433807751381
113.057661099931,66.0,23.0705953200904,0,114.64915699162302
113.089683174299,67.5,23.0723987956829,1,58.20847578665749
113.156351582446,65.5,23.0379121696856,1,20.74109626378808
112.88832892405,73.5,22.8962453837208,1,138.68218258911867
113.307528712027,67.5,23.3355556593312,1,60.170207809689735
113.089683174299,67.5,23.0723987956829,1,58.20847578665749
112.970763459859,72.5,23.0681764740523,1,117.8601225425226
113.147041134516,66.0,23.0437280570501,1,19.474054137377106
113.154622038916,65.5,23.0396461884037,1,20.480110238658394
113.017085872534,70.0,22.9879600740101,1,260.13668934241633
113.041882016009,73.0,23.0968614013705,1,423.5007702669706
113.165181581555,68.0,23.0147948092885,1,29.050349794775887
112.683258303145,75.0,22.8245226834435,1,745405.6054623792
113.137340153956,65.5,23.0411249226136,0,18.034801682840126
113.108061364898,67.0,23.0002230812856,0,36.691238234747324
112.885001154883,73.0,22.9011991118098,1,143.67386698419267
113.129028721165,65.0,23.0067591551232,1,25.862603350416528
113.088038588012,66.0,23.0348060377823,1,29.455276697739528
113.090144599704,66.0,23.0348960488659,0,28.034140646291593
112.970789906871,75.0,23.0057363854141,0,1359.4469876692717
113.07259701903,66.0,23.0390570488889,0,39.955840234690825
113.062678084999,72.5,22.9408169212329,0,90.0171638364324
113.111573746807,65.0,23.0407652953817,0,20.484600477142276
113.10737208987,65.5,23.0387395974308,0,21.806531798686372
113.070423194968,66.5,23.0042101659913,0,66.7160648509089
113.071886353372,66.0,23.0488614986084,0,42.73483592923822
113.064006671661,66.0,23.0342933071827,0,49.97091646546506
113.121425020467,65.5,23.0304158077439,0,18.795919306570518
113.139314774692,66.0,23.020849501249,0,19.881682930356053
113.072310229606,68.0,22.9908324994785,0,78.43014131159723
113.14034911869,66.0,23.0263055575238,0,18.538345438128175
113.105616652684,65.5,23.0433406482801,0,22.912560313372087
113.057659469996,66.0,23.0299148275537,0,59.118958535850844
113.12023264297,66.0,23.0128103543391,0,24.119817987423744
113.121004643132,65.5,23.0451643289461,0,19.896844636104085
113.06518692922,67.0,23.0024026000191,0,81.44510615942785
113.1298659419,65.5,23.0300435166782,0,18.00262375531991
113.67609750868,70.0,22.914524735596,1,56.7956318279344
114.153990724557,70.0,22.8561568247489,1,92.0112257886229
113.092542767296,66.0,23.0094440004859,0,37.45035135062222
114.00208465958,67.0,22.9799456310705,1,37.28899951849943
113.146297253114,66.0,23.0103936002526,0,25.39553648909135
113.135566462902,65.5,23.0057602389096,0,27.037236790493058
113.675682632569,65.5,22.9436279752327,1,34.13197020422421
113.96781959271,70.0,23.0804329753525,1,84.91944491503422
113.940333894816,69.0,22.9322496901802,1,62.39715133540063
114.160893619398,70.0,22.7933995909888,1,94.76353926989945
113.78268970834,67.0,22.8001848760928,1,24.309033712704462
113.956267034415,70.0,22.9789226838562,1,41.62105261728317
113.780171847827,69.0,22.8311081741368,1,49.574131860749944
114.196704294559,72.0,22.7283175842834,1,73.02613234464995
114.057401414561,70.0,22.7810824907836,1,59.63835219394764
114.063232639014,70.0,22.7963311816439,1,67.3746188799474
113.809035656989,65.0,22.8210452694299,1,35.94709077739137
113.855765592247,70.0,23.0488373689981,1,88.91885953753369
113.809330215857,65.0,22.8197357594223,1,35.06946907745283
113.668950192994,66.0,22.922770135563,1,40.79971158741744
113.706687858337,68.5,22.8387027978275,1,41.02515504023371
113.833431230766,67.5,23.0312877339999,1,66.75861358627881
113.620642866499,66.5,22.9988913711559,1,568.8772876574479
114.101788080371,70.0,22.7920915007785,1,54.48760007987599
113.763837072117,71.5,22.9692111907922,1,91.70119232347527
114.042169117525,70.0,22.7678133746856,1,54.68154392037513
113.756615851938,65.5,23.0502978766506,1,19.985054373246342
113.677415476473,65.5,22.8188764003867,1,46.21479845180435
114.006817471989,75.0,22.8824543531031,1,132.52555062700884
114.16644492377,70.0,22.7406896029042,1,71.35192430272667
114.154279241422,75.0,22.9654733746607,1,116.17290709247992
114.178714153794,68.0,22.6979684232862,1,83.0635018073703
114.17415507996,75.0,22.9692050712888,1,186.86068758500204
113.856110740986,69.0,23.0350410631997,1,91.29993267203558
113.831151892824,67.5,23.02874532138,1,59.805356944601236
113.803077113899,69.5,23.1021459843495,1,58.93251696719354
113.841660492557,68.0,23.0230261000922,1,72.5313917794118
114.174437866534,70.0,22.8442148547205,1,68.3762296079072
113.834619040379,68.5,23.0637715622437,1,73.44345706063365
113.848423024468,68.0,23.0284963036582,1,87.69676255466813
114.17280891256,70.0,22.8448561052026,1,69.89612887991973
113.842256654806,67.5,23.0263155095615,1,75.09023237350097
113.053125232022,70.5,22.8576093516002,1,94.05440961638479
113.017085872534,69.0,22.9879600740101,1,260.13668934241633
113.187029876878,70.5,22.8485100847874,1,125.39183960176443
113.218275910739,68.0,22.884598405881,0,154.26754077902808
113.22408782342,74.0,22.9138948968317,0,77.59957014437578
113.246073168058,71.5,22.9652963044555,0,134.44620462257004
113.055362279538,75.0,22.8785231192173,0,105.89715786624794
113.055362279538,75.0,22.8785231192173,0,105.89715786624794
113.168230689167,75.0,22.709901727628,1,315.5927635774441
113.085522754975,65.5,23.0097420550132,0,42.82056980333546
113.252398406643,72.5,22.803630662197,1,100.63219102705763
113.155094249377,75.0,22.7203633425375,1,255.22406613173095
113.267790531992,68.0,22.8572715949298,1,96.41469057375815
113.292417323319,70.0,22.7678996653103,1,151.8192395298348
113.27797488925,68.0,22.8469006321086,1,85.94173054021864
113.180925088087,70.0,22.9095333434673,1,134.66001193174458
113.218367086951,72.5,22.9301721211053,1,96.45014609976198
113.138382886031,70.0,22.8663634695488,1,221.96794214400097
113.053481894344,70.5,22.8573761736994,0,94.06908010899112
113.241833078018,70.0,22.8225054564589,1,90.95845868019308
113.217936898324,68.5,22.8821412994344,0,159.70959645542857
113.2034172001,70.0,23.038668502773,1,53.38071633681788
113.256555405219,67.5,22.8527143126952,1,81.93451734919744
113.013931250855,71.0,23.1282410171152,1,178.1065072127398
113.211687200944,67.0,23.1010323160045,1,25.87000728313228
113.275591790733,72.0,22.8057463245352,1,109.35733843076565
113.105092598317,68.0,23.1463183060349,1,119.32681023137073
113.263175388622,66.0,22.8413902401261,1,65.31293030683324
113.26544497456,66.5,22.8479968450011,1,71.55386245424768
113.241833078018,70.0,22.8225054564589,1,90.95845868019308
113.252832115729,66.5,22.8413377965285,1,72.21761774678754
113.728878210665,72.0,22.8178291155714,1,30.736164625344536
113.625675911473,75.0,22.9133457843452,1,76.40998993110458
113.864423907207,72.0,23.1042585145758,1,74.9045773066853
113.14167326952,72.5,23.2543432887861,1,307.38934747389936
113.738957680873,72.0,22.8046147160884,1,28.56853133890483
113.08571823344,75.0,23.2297821786792,1,175.9639826083178
113.013931250855,75.0,23.1282410171152,1,178.1065072127398
113.106826651341,68.0,23.1507239282908,1,117.420501516978
113.107472443172,65.5,23.0401469705316,0,22.05419971527978
113.215226958534,68.0,23.0350962096639,1,74.32731391233685
113.711024992321,72.0,23.0671216566109,1,84.00677967933258
113.985753238143,68.0,22.9689426342209,1,48.8576721693004
114.147304677072,75.0,22.8249515950992,1,78.35074442331803
113.806949257104,66.0,23.0298667434828,1,30.22879757580499
113.107355157709,66.5,23.0639742531614,0,33.16612063601266
113.663224470031,72.0,22.9246374356847,1,40.14753637229034
113.677128266642,65.5,22.9443423605056,1,34.281342480511626
114.174983888962,75.0,22.8444321776728,1,68.39389407253519
114.057401414561,69.0,22.7810824907836,1,59.63835219394764
114.014809217311,75.0,22.9178973547884,1,56.51201593000684
113.87562020652,68.5,23.0824818204854,1,93.44232226212063
114.109162080758,75.0,22.7884983701101,1,55.162180552443054
113.824963965626,72.0,23.1090441157491,1,60.7511744501364
113.668795077192,75.0,22.8886494830168,1,134.5634118337333
113.682687043119,65.5,22.8231151648424,1,40.88339450417905
113.976730290197,72.0,23.0214706869108,1,49.89510169695214
113.983753398078,75.0,22.8415806472933,1,710.9695691319421
113.721548430265,72.0,22.8019369732641,1,31.38612995684008
113.660367638426,68.0,23.0999697184324,1,229.3280656311309
113.67932364446,66.0,22.8206529271952,1,43.9696783142056
113.950923237718,72.0,23.000784269834,1,44.42522519696121
114.143999862305,75.0,22.7439453430623,1,58.13979899173019
113.706687858337,72.0,22.8387027978275,1,41.02515504023371
114.17366808878,75.0,22.7022856763495,1,86.92456772276013
113.734764672822,72.0,22.8291522954934,1,37.79389380338855
114.103597283837,75.0,23.0250614847676,1,236.2877274890533
114.139154251471,75.0,22.7482989235827,1,56.71036178394158
113.675043962504,75.0,22.8766088620577,1,125.68963062357142
114.275790353461,65.5,22.7359118422042,1,28.028745120426095
113.87562020652,68.5,23.0824818204854,1,93.44232226212063
114.154279241422,75.0,22.9654733746607,1,116.17290709247992
114.112857784184,75.0,22.8358629451655,1,76.38177397671647
113.950584289981,72.0,22.9456590628681,1,53.76024822843314
113.938165520835,72.0,23.0056171711805,1,44.70835234973577
113.22103719857,69.5,22.8889808795302,0,144.12263335678315
113.262949835787,72.5,22.766760474344,1,110.28122144508276
113.258954240253,73.0,22.8847994536314,1,252.50577239586076
113.258879341336,66.0,22.8442556528527,1,68.49352746243551
113.267032816684,75.0,22.9511921373438,1,91.1058887681424
113.161417171232,75.0,22.7112985335732,0,110.13834108291337
113.163389144961,75.0,23.2044587942103,1,129.50668485474634
113.291565936306,72.0,22.7836039192068,1,153.25231008739058
113.023625339017,75.0,23.2604804048825,1,135.50293627001022
113.768942907685,68.0,22.9870641976251,1,74.58544417930288
113.184764535666,85.0,23.0955424458077,1,39.917030290534306
113.183697797873,80.0,23.1035079563968,1,38.92536944216318
113.67932364446,66.0,22.8206529271952,1,43.9696783142056
113.88973869186,85.0,22.9896558558926,1,51.94880908175071
113.676795108485,72.0,22.9413278534327,1,34.2439314710542
114.096809684656,72.0,22.833992257428,1,76.22825783222416
112.92484586407,75.0,23.221138677572,1,673.8202279471581
113.791300864956,66.5,23.024293694452,1,27.137287514340503
113.67932364446,66.0,22.8206529271952,1,43.9696783142056
113.657281174779,68.0,23.0962141788758,1,203.01809207473877
113.919336448962,85.0,22.9704957404223,1,40.088059187471636
113.995516745558,85.0,23.0294146213547,1,55.274593080159306
113.88363678999,85.0,23.1175980334657,1,134.87809405048182
113.806716820553,65.0,22.8184991007943,1,34.44291311097467
113.678640867595,66.5,22.9629450030037,1,39.004669907726495
113.771058201567,65.5,23.0635445240355,1,21.01928818953214
113.747257394969,72.0,22.8002965692193,1,27.526909751301698
113.874114264706,67.5,23.0781565993019,1,99.0035329552309
113.587232366643,75.0,23.0598321533773,1,347.4783416336904
113.012003662401,72.0,23.1270333724732,1,173.27953706170126
113.73183708259,67.0,23.0423525405033,1,30.692096476692228
114.100226422955,85.0,22.8086981089585,1,56.235650101086236
113.81981570219,72.0,23.1050098142636,1,59.61167363994391
113.741403919488,66.0,23.0546665424943,1,26.876233914084384
113.663448043001,72.0,23.0571480063294,1,376.4398271494191
113.807775788003,66.0,23.0422956723757,1,28.152856710522784
113.881268016751,85.0,23.0037161609897,1,72.15539962869872
113.738185622321,72.0,23.0087768345489,1,38.58732408366968
113.887040884362,70.0,22.9381595638576,1,52.9767952557714
113.715671602434,72.0,23.050802973719,1,48.47930578195235
113.728526388413,66.5,23.0832246049506,1,79.91851923613484
113.754890746037,65.5,23.0543426926731,1,20.94812038885401
114.024871476885,72.0,22.9166930484938,1,65.95502635983526
113.746607957814,66.5,23.0260996458756,1,26.25002118157855
114.023446723923,85.0,23.0732836216131,1,141.88049781786293
113.950534371144,72.0,23.0863688268226,1,107.07899561353062
113.111198007171,85.0,23.138716748176,1,100.36685596185053
114.02085788919,66.0,22.9880788465572,1,38.916080265001156
112.92608125962,85.0,23.0432640719596,1,192.47853538289263
112.922148208607,80.0,23.061022998073,1,159.4088511380727
113.945322628052,72.0,22.9408117474556,1,62.111917592317354
113.762143365587,72.0,22.9958708444062,1,54.649739703142735
113.84836931568,72.0,22.9133414171648,1,55.98888494251861
113.730314028056,67.5,22.9733332699073,1,56.260991574060036
112.929911359432,70.0,23.1127608293168,1,638.9567524225286
113.164835494985,68.0,23.1235871810544,1,49.0593783170034
113.743130759118,66.0,23.0591386340413,1,27.85006264211288
113.025536318701,80.0,23.0681283794355,1,375.97543578847825
113.752357670924,71.0,23.0972442086687,1,66.33469590299235
113.185160535684,85.0,23.1988536579718,1,64.77686882743735
113.182621538042,85.0,23.0934829483957,1,41.30814954873372
113.089087363288,85.0,23.2319069152492,1,172.2185326209438
113.062378415671,85.0,23.0627911897857,0,83.97600363401102
113.105684107343,66.5,23.062334149945,1,33.1067707557138
113.180840492262,85.0,23.1097103215366,1,40.41939884059392
113.082718812903,85.0,23.2292311126214,1,186.73371162988875
112.930563684639,70.0,23.1150190928058,1,647.7668081580655
113.116939915803,85.0,23.1152677456473,1,95.84221891870487
113.287397853538,85.0,22.8025686356877,1,147.64224749597338
112.921689887746,85.0,23.0600749433877,1,159.63361566781938
113.109264614765,67.5,23.1502912237444,1,110.08265716854345
113.130968681083,85.0,23.110656485148,1,76.86191380261137
113.057277936699,72.0,23.0650595011001,1,100.30705555966783
113.899085229213,80.0,22.9359515728405,1,50.50343797226138
113.861314181041,72.0,23.1145839344212,1,75.77596781087524
113.847587430565,72.0,22.9067297737592,1,56.25640464370039
114.074039829211,80.0,22.909766201816,1,151.53015698845823
113.836965417065,72.0,23.1146532512226,1,63.60426784861092
113.773177736349,65.5,23.0390982506854,1,18.371359270760053
114.159286453825,85.0,22.8467040067956,1,71.47165178277474
113.116939915803,85.0,23.1152677456473,1,95.84221891870487
113.139840112737,72.0,22.8640296541497,1,196.64265502641084
113.090602899005,72.0,22.9662958675475,0,59.22071497306989
113.089718547773,72.0,22.964117958076,0,57.68401007113818
113.08996379955,72.0,22.9588149646884,0,54.33506926068305
113.081987000235,74.0,22.8896740066287,0,68.00131880904108
113.12539121536,80.0,23.1127516798931,1,79.26819375691885
113.095785867576,72.0,22.9642070520217,0,59.93085231230197
113.107183817611,72.0,22.9604996933944,0,69.69999998106091
113.05707444984,72.0,23.0636785372865,0,97.58473742969223
113.092568377088,72.0,22.9653213803937,0,58.55514885804937
113.085642361659,72.0,23.0095891526153,0,41.85384999773263
113.164103868266,74.0,22.7898213335287,0,406.2282034647434
113.088398158149,72.0,23.0418187677355,0,28.541477722137955
113.097867107594,72.0,22.9681791710674,0,62.58014144214886
113.140925647573,72.0,22.9945666637602,0,45.349431598746264
113.016650621057,72.0,22.9788820160337,0,185.18577910663473
113.09004145357,72.0,22.9456383638471,0,56.388415316826666
113.154870338644,65.5,23.0666723454291,1,31.231041555779925
113.760312199449,66.0,23.0128081082158,1,28.641937167519785
112.876192460885,80.0,23.1790300071117,1,77.76755435653561
113.151774758095,85.0,23.1234111293555,1,53.726684922698716
113.125784041664,65.5,23.0440623974563,0,19.05548054476488
113.280151555364,72.0,22.8332623991325,1,84.69607433808484
113.827731195748,85.0,22.8146759735082,1,35.29922941670039
113.771188397476,65.5,23.0636739781751,1,21.047613590493988
113.110382335887,85.0,23.1232943054161,1,99.39778961587362
