credit,longitude,latitude,starttime,portion
67997.3868,113.679983,22.947097,06:30:00,114
37926.5416,113.966524,22.577792,06:30:00,163
27953.0363,113.347272,23.192458,06:30:00,139
25085.6986,113.31875,23.255965,06:30:00,98
20919.0667,116.97047,33.65205,06:30:00,66
18237.6295,112.79768,22.262784,06:30:00,72
15729.3601,106.239083,29.560903,06:30:00,15
14868.4446,113.376315,23.143373,06:42:00,95
13556.1555,113.651842,23.28528,06:36:00,110
13327.9511,113.488909,23.099259,06:36:00,64
11349.0899,113.34726,23.192462,06:42:00,89
10957.5811,113.955368,22.548889,06:33:00,102
10427.7392,113.358177,23.178845,06:45:00,90
10210.6765,113.768888,23.054911,06:30:00,232
10187.7506,113.761634,23.053426,06:33:00,217
9495.8126,113.65272,23.054769,06:30:00,171
9065.9062,114.081898,22.92814,06:39:00,52
8549.9583,113.305001,23.146943,06:48:00,85
7054.4886,113.317362,23.025829,06:33:00,73
6824.2516,113.839206,23.012667,06:30:00,94
6510.0602,113.920188,22.574867,06:36:00,77
6494.3768,111.017906,27.124487,06:30:00,1
6105.2056,113.29603,23.262722,06:39:00,73
5207.8348,113.29179,23.216283,06:54:00,60
4268.3089,113.922057,22.724052,06:30:00,38
4236.5421,113.31738,23.025831,06:36:00,57
4182.3338,113.262137,23.141684,06:51:00,62
3836.0711,113.320705,23.173014,07:00:00,58
3562.2053,113.257642,23.187008,06:57:00,56
3039.9026,113.301889,23.10714,07:06:00,43
2923.8802,114.007186,22.667339,06:39:00,25
2755.8648,113.409023,23.129688,07:00:00,34
2635.5945,114.728544,22.993463,06:30:00,29
2274.9848,113.782606,22.799744,06:33:00,19
2148.7238,113.402306,23.125731,07:09:00,29
2127.005,112.882467,23.089162,06:33:00,51
1980.8566,113.381757,23.13759,07:09:00,33
1937.4291,113.683234,22.935859,06:33:00,67
1691.0543,110.922443,21.679227,06:30:00,88
1650.2348,113.487402,23.099656,06:48:00,23
1523.3223,113.133736,23.039077,06:30:00,55
1507.8397,114.061072,22.640977,06:36:00,24
1498.9031,113.818848,22.698914,06:30:00,26
1493.9265,113.79328,22.699085,06:36:00,17
1474.9462,114.088349,22.630761,06:36:00,26
1430.8899,114.275272,22.736419,06:30:00,64
1366.1619,113.21411,23.166269,06:51:00,40
1365.3053,110.178827,20.335061,06:30:00,30
1256.9036,113.314161,23.026671,06:45:00,31
1179.1445,114.134612,22.605016,06:36:00,24
1125.7637,114.131064,22.55258,06:39:00,22
1078.8887,113.906415,22.551065,06:42:00,33
1054.1406,113.320772,23.258526,06:51:00,33
1047.2994,113.329844,23.201831,07:21:00,28
956.449,114.004208,22.55234,06:51:00,20
876.885,113.268909,23.127808,07:09:00,28
860.6575,113.668272,22.963677,06:45:00,32
819.5817,114.091551,22.546424,06:45:00,20
812.4732,113.321826,23.027282,06:51:00,25
802.9929,114.046196,22.649465,06:51:00,16
801.945,113.764039,23.013316,06:42:00,56
768.431,113.89986,22.786188,06:39:00,18
759.2893,114.088053,22.631265,06:54:00,19
758.6399,113.997232,22.59321,07:06:00,17
741.186,114.054897,22.646966,07:03:00,15
716.1536,113.921206,22.537631,06:51:00,28
692.4968,113.378949,22.945963,06:45:00,17
680.1682,113.900611,22.572454,06:51:00,27
661.4701,113.305131,23.138201,06:36:00,1
638.8183,113.266843,23.125711,06:39:00,1
636.5533,114.011611,22.921069,07:00:00,5
631.8731,113.286892,23.085993,07:18:00,20
607.9601,113.328149,23.201472,07:27:00,21
585.3526,113.934697,23.107633,06:30:00,48
578.4185,113.382202,23.05819,07:18:00,17
577.3317,114.088048,22.631295,07:03:00,16
557.8477,113.170711,23.04938,06:42:00,27
544.8401,113.717908,22.832066,06:36:00,10
544.5673,113.845129,22.746146,06:48:00,13
537.6568,114.235036,22.695229,06:33:00,34
533.4239,113.113357,23.023983,06:36:00,41
527.6239,110.417157,21.202247,06:39:00,29
526.7561,113.317272,23.025897,07:03:00,20
512.8802,114.133815,22.559031,06:57:00,15
498.2218,113.380696,23.134029,06:45:00,1
479.3786,113.359597,22.979376,06:57:00,15
466.0196,114.046699,22.617332,07:18:00,12
464.8392,113.840149,23.110206,06:45:00,36
463.2336,113.36579,23.467117,06:33:00,19
462.5524,114.02758,22.661854,07:00:00,12
456.8141,113.580688,22.805765,06:30:00,58
443.4528,114.118394,22.573973,07:06:00,14
438.3089,113.320775,23.048773,07:27:00,16
432.0017,114.042558,22.654465,07:12:00,12
430.3396,113.811783,23.08834,06:48:00,42
425.5539,113.088167,23.042076,06:39:00,36
419.474,114.266454,22.715649,06:36:00,34
409.9957,113.314206,23.102272,07:51:00,15
404.3689,113.885591,22.957762,06:30:00,40
401.2549,114.276218,22.735681,06:39:00,34
389.3617,114.048785,22.566656,07:27:00,11
388.9843,114.052535,22.605696,07:30:00,11
385.9114,114.053445,22.528087,07:06:00,12
371.5909,114.093619,22.557073,06:30:00,1
358.6164,114.02819,22.663709,07:15:00,10
355.7476,114.124103,22.600908,07:24:00,13
339.6894,113.841585,22.702596,06:51:00,10
325.9203,113.288213,23.133346,06:54:00,1
322.1326,113.249841,23.371734,06:33:00,33
318.7701,113.228424,23.060244,07:18:00,15
318.7701,113.136987,23.025509,06:45:00,29
317.5724,113.297453,23.131169,07:39:00,16
317.3112,113.964202,22.55917,07:21:00,16
316.9499,114.063028,22.571019,07:42:00,10
313.7988,113.088886,23.019708,06:30:00,1
310.1361,114.120857,22.602495,07:30:00,12
308.6912,113.311949,23.291608,06:54:00,17
308.3529,113.932399,22.526055,07:00:00,18
289.7356,113.885455,22.957819,06:33:00,32
287.4723,113.252176,23.136869,07:33:00,17
286.1964,113.914169,22.5606,07:03:00,17
284.9008,113.12482,23.02382,07:06:00,22
271.4754,112.896012,23.170052,06:36:00,14
263.7415,113.347404,23.192579,07:42:00,14
255.3604,114.036224,22.609184,06:33:00,1
246.9617,113.284093,23.096916,07:57:00,11
243.7428,114.132395,22.58338,06:36:00,1
243.0345,113.824021,22.737832,06:54:00,8
240.7228,113.923368,22.669148,07:00:00,11
239.112,114.227313,22.697751,06:45:00,22
239.0776,114.079336,22.634345,07:39:00,10
239.0776,113.334856,23.017262,07:18:00,15
236.2993,113.163214,23.035953,06:54:00,19
234.2849,114.168801,22.615165,07:09:00,12
233.9414,114.343194,22.999192,06:30:00,42
229.1596,113.605786,24.80413,06:36:00,23
225.3733,113.14625,23.107527,06:51:00,22
225.2535,114.139487,22.670303,07:24:00,11
223.4477,114.020917,22.667193,07:30:00,7
219.9701,113.43641,23.626787,06:30:00,13
219.7008,114.029516,22.653315,07:36:00,8
218.2444,114.073376,22.62607,07:57:00,10
213.7231,113.867745,22.644142,07:15:00,11
213.5504,113.744384,23.055061,07:03:00,25
212.6327,114.230291,22.633177,06:54:00,19
200.0799,114.002005,22.980661,06:33:00,14
199.2313,113.263282,23.174499,07:42:00,13
199.2313,113.665746,22.93804,06:42:00,20
199.2313,113.269551,22.845506,06:30:00,63
197.6011,114.138399,22.563546,07:39:00,9
196.782,114.20803,22.6656,07:06:00,18
195.401,113.249702,23.133276,07:48:00,14
192.2122,113.362287,23.11803,08:00:00,10
191.2621,113.213961,22.919953,06:30:00,1
190.1459,114.091435,22.705938,07:21:00,9
188.7821,114.042605,22.654493,07:57:00,8
183.7939,114.006372,22.995646,06:39:00,13
183.2365,113.826933,23.022885,06:57:00,26
181.9852,114.152166,22.624889,06:36:00,1
181.2249,113.317468,23.224528,07:45:00,11
180.201,114.266652,22.741636,06:30:00,1
179.3082,113.294756,23.054148,07:51:00,10
179.3082,113.796497,22.674691,06:30:00,1
179.3082,113.092801,22.966344,07:21:00,13
174.7604,113.328526,23.156692,08:00:00,13
171.1987,113.251884,23.190577,07:45:00,12
171.1253,113.733551,23.010914,07:03:00,23
169.0116,113.112958,23.072207,06:51:00,23
168.3819,113.314506,23.101558,08:00:00,10
168.3546,113.083899,23.012481,06:54:00,23
159.3851,114.159207,22.611218,07:36:00,9
159.3851,113.241295,23.1306,07:57:00,14
157.4156,114.107034,22.619846,08:00:00,9
152.1497,114.093465,22.55123,07:48:00,8
151.7244,113.945301,22.506225,06:30:00,1
151.7204,114.029555,22.657811,07:51:00,7
151.5345,113.149007,23.016933,07:00:00,21
151.4158,114.154938,22.630003,07:45:00,10
151.4158,113.828908,22.800524,06:51:00,7
149.86,113.136969,23.120203,07:00:00,17
149.0707,113.372001,23.293868,06:51:00,12
148.8489,113.749133,23.034994,07:12:00,22
148.5654,113.49505,23.045704,06:51:00,7
147.3951,113.312493,23.106751,08:00:00,9
145.8889,113.718566,23.039656,06:45:00,12
145.195,113.13376,23.0391,07:06:00,20
142.0646,113.272284,23.226408,07:48:00,10
140.7584,114.030232,22.665157,07:51:00,6
139.4619,114.031797,22.621808,08:00:00,7
139.4619,114.159413,22.628276,07:48:00,9
139.4619,113.375591,23.103618,08:00:00,8
138.8561,113.339842,23.019975,07:36:00,11
135.7602,113.213898,22.919974,06:33:00,1
134.8147,114.107025,22.619739,08:00:00,8
134.5708,114.035832,22.965764,06:36:00,12
132.103,114.014881,22.676151,06:33:00,1
130.7752,113.701495,22.960617,07:06:00,15
127.508,113.312499,23.106792,08:00:00,9
126.9857,113.942816,22.520804,07:06:00,12
123.5234,113.017895,22.980092,06:42:00,24
120.3874,113.614671,23.558419,06:30:00,30
119.5388,114.202461,22.638154,07:33:00,13
119.5388,113.903337,22.723878,07:00:00,7
119.5388,114.131407,22.551842,08:00:00,7
119.5388,113.269269,23.097481,08:00:00,8
119.5388,114.231992,22.69495,06:36:00,1
119.5388,113.399742,23.127013,08:00:00,7
119.5388,114.032407,22.982071,06:42:00,11
119.5388,113.99635,22.97076,06:42:00,9
119.5388,112.939739,22.928824,06:33:00,30
115.9629,113.293212,23.227075,07:57:00,9
115.7718,113.346826,23.146568,07:06:00,1
115.646,113.391595,23.212972,07:42:00,8
115.5542,113.299725,23.143901,08:00:00,10
115.5408,113.777571,23.060158,07:06:00,25
114.8859,113.14227,23.03343,07:15:00,18
114.4205,113.077555,23.019462,07:27:00,16
112.9106,114.040747,22.563803,08:00:00,6
112.1376,113.196688,23.444281,06:33:00,24
111.5695,113.365807,23.467101,06:36:00,9
110.69,113.973194,22.589193,08:00:00,9
108.7365,113.585017,23.065583,06:48:00,7
106.4804,113.295104,23.100414,08:00:00,8
105.5926,113.288044,23.075797,08:00:00,8
105.5176,113.303661,23.340387,06:45:00,12
105.3559,113.170439,23.073486,07:39:00,11
104.1227,113.341384,23.018177,07:51:00,9
103.6003,114.113145,22.576181,08:00:00,7
103.0065,113.117726,23.037115,07:18:00,17
102.08,114.207759,22.657617,07:30:00,13
102.0617,114.123207,22.615435,08:00:00,7
101.608,113.205374,23.484326,06:33:00,23
99.6157,114.329945,22.773827,06:42:00,18
99.6157,113.36433,23.309835,07:00:00,11
99.6157,113.949223,22.588494,08:00:00,9
99.6157,113.814489,22.73834,07:06:00,5
99.6157,113.30588,23.042795,08:00:00,8
99.6157,114.118918,22.617982,08:00:00,7
99.6157,114.297779,22.729964,06:57:00,15
99.6157,113.335702,23.207391,08:00:00,9
99.6157,113.787943,23.051221,07:15:00,19
99.6157,113.061531,22.832479,06:42:00,3
97.0036,113.771143,22.796875,07:00:00,4
94.9628,113.714482,22.801349,06:30:00,1
94.8781,113.813969,22.763973,07:09:00,5
93.5386,113.31211,23.114455,08:00:00,8
93.2156,113.270594,23.205772,07:09:00,1
93.1884,113.12903,23.007204,07:15:00,16
92.9875,113.255106,23.396767,06:45:00,18
92.8451,114.002003,22.683833,07:54:00,5
92.144,114.120387,22.537617,08:00:00,7
91.5635,113.648114,23.014185,07:00:00,14
88.7475,114.275458,22.720184,07:03:00,16
88.1576,113.338573,23.132941,08:00:00,9
87.1681,113.127154,23.112296,07:21:00,14
86.2996,113.75766,23.041392,06:30:00,1
85.6695,113.284436,23.0946,08:00:00,7
84.414,113.821783,22.676474,06:33:00,1
84.0491,113.088383,22.964203,07:12:00,15
83.6772,114.073682,22.540942,08:00:00,7
83.6772,113.05448,23.064767,07:36:00,13
82.9086,113.951115,22.684504,07:33:00,6
82.3088,114.127943,22.563444,08:00:00,6
79.6925,113.240921,23.160089,08:00:00,10
79.6925,113.261283,23.068369,08:00:00,7
79.6925,113.291573,23.212104,08:00:00,7
79.6925,113.273734,23.194579,08:00:00,8
79.6925,114.124439,22.591387,06:42:00,1
79.6925,113.33598,23.097546,07:12:00,1
79.6925,113.278148,23.093079,07:09:00,1
79.6925,113.327665,23.442511,06:45:00,9
79.6925,113.948822,22.536425,07:27:00,9
79.6925,113.913137,22.757872,07:15:00,5
79.6925,113.904177,22.572146,07:18:00,9
79.6925,113.379643,23.207769,07:57:00,7
79.6925,113.270935,23.133812,07:12:00,1
79.6925,113.460126,23.110957,07:15:00,5
79.6925,114.119678,22.631729,08:00:00,6
79.6925,114.121094,22.572337,06:42:00,1
79.6925,113.293411,23.148396,08:00:00,8
79.6925,113.283015,23.137481,08:00:00,8
79.6925,113.220174,23.381258,06:45:00,16
79.6925,113.941047,22.693376,07:24:00,6
79.6925,113.343578,23.141344,08:00:00,8
79.6925,114.110239,22.651485,08:00:00,6
79.6925,113.332625,23.150785,08:00:00,9
79.6925,113.316081,23.247414,07:42:00,9
79.6925,114.092453,22.550214,08:00:00,6
79.6925,113.240874,23.144206,08:00:00,10
79.6925,113.999879,22.910687,06:48:00,8
79.6925,113.821749,22.878442,06:48:00,6
79.6925,113.828038,22.80034,07:06:00,5
79.6925,113.274358,22.947805,07:03:00,8
79.6925,113.052974,22.821221,06:33:00,5
79.6925,113.134501,23.037111,08:00:00,11
75.3616,113.401686,22.887126,06:36:00,14
73.2507,113.335749,22.960802,07:24:00,5
71.7233,113.774572,23.063445,07:09:00,20
70.9796,113.746074,22.939187,07:03:00,17
64.7502,114.068923,22.665838,08:00:00,5
64.292,113.90155,22.568389,07:21:00,8
61.7617,113.846444,22.592527,07:03:00,13
60.12,113.228722,23.40515,06:54:00,13
59.7694,113.258772,23.26376,07:42:00,7
59.7694,113.282856,23.137429,08:00:00,7
59.7694,113.393612,23.136755,07:09:00,1
59.7694,113.315173,23.13592,08:00:00,7
59.7694,113.282935,23.137578,08:00:00,7
59.7694,113.315659,23.254296,07:57:00,8
59.7694,113.268304,23.120306,08:00:00,6
59.7694,113.27424,23.126948,08:00:00,7
59.7694,113.551515,23.151009,06:30:00,1
59.7694,113.289146,23.077633,08:00:00,6
59.7694,114.224224,22.692574,07:21:00,11
59.7694,113.359285,22.936494,07:15:00,6
59.7694,113.357872,23.124292,08:00:00,6
59.7694,113.403347,22.944615,07:12:00,5
59.7694,114.019311,22.676503,08:00:00,3
59.7694,113.229295,23.164734,08:00:00,8
59.7694,113.363252,23.104198,08:00:00,6
59.7694,114.284747,22.735438,07:03:00,13
59.7694,114.066268,22.540448,06:48:00,1
59.7694,113.993061,22.686066,08:00:00,4
59.7694,114.041198,22.633013,08:00:00,4
59.7694,114.265177,22.721816,07:06:00,13
59.7694,114.128361,22.549107,08:00:00,5
59.7694,113.26614,23.10824,08:00:00,6
59.7694,114.137262,22.612929,08:00:00,5
59.7694,114.058444,22.543915,08:00:00,5
59.7694,113.401054,23.126053,08:00:00,5
59.7694,114.047879,22.523461,08:00:00,5
59.7694,113.944955,22.688779,07:42:00,5
59.7694,113.908071,22.735666,07:27:00,5
59.7694,113.338799,23.124435,08:00:00,6
59.7694,113.906852,22.588207,07:39:00,8
59.7694,113.768854,23.054901,07:15:00,18
59.7694,112.864304,23.173781,06:30:00,1
59.7694,113.132484,23.118702,07:27:00,11
59.7694,113.132589,23.040919,08:00:00,10
59.7694,113.157507,23.004923,07:27:00,13
59.7694,113.209,23.072993,06:51:00,1
59.7694,113.126195,22.99238,07:24:00,13
59.2557,113.625475,23.287294,06:30:00,12
58.2166,113.51278,23.181232,06:48:00,3
57.6201,114.142503,22.620732,08:00:00,5
57.1467,114.042548,22.654518,08:00:00,4
56.9125,113.314866,22.979873,06:30:00,1
56.9125,113.392481,23.13475,07:15:00,1
55.7674,113.719121,22.985329,07:30:00,12
55.7056,114.123113,22.615454,08:00:00,5
55.5474,113.15496,23.065181,07:45:00,12
55.5456,114.044003,22.624165,08:00:00,4
53.5749,113.457024,23.107515,07:33:00,4
53.1584,113.960327,22.573093,08:00:00,6
52.5572,113.9662,22.5738,08:00:00,6
51.807,114.127734,22.605395,08:00:00,5
50.3799,114.118897,22.555394,08:00:00,5
49.6626,114.07265,22.52894,08:00:00,5
49.648,113.447505,23.064412,07:39:00,4
49.3891,113.156795,23.032306,07:54:00,12
48.5795,113.4009,23.125804,08:00:00,4
47.8155,113.143825,23.009643,07:45:00,12
46.5355,113.31943,23.026036,08:00:00,6
46.3032,113.409223,23.123308,08:00:00,4
46.2113,113.304406,23.096891,08:00:00,5
46.0497,113.236094,23.098008,08:00:00,6
45.8232,113.229464,23.203413,08:00:00,6
45.6855,114.227576,22.672999,07:39:00,10
45.4946,113.944387,22.703545,07:54:00,4
45.105,114.148979,22.614072,08:00:00,5
44.3144,113.274436,23.11072,08:00:00,5
44.1162,113.278892,23.087139,08:00:00,5
43.8309,113.232562,23.179085,08:00:00,7
43.8033,113.400417,23.141318,08:00:00,5
42.8347,114.388943,22.716905,06:39:00,5
42.3704,113.336944,23.091655,08:00:00,5
42.1776,113.363802,23.318118,07:03:00,7
41.8386,113.214543,23.377337,06:51:00,11
41.8386,113.267994,23.126861,08:00:00,6
41.8386,113.949348,22.524485,07:51:00,7
41.8386,113.347108,23.196752,08:00:00,5
41.8386,113.696638,22.831844,06:42:00,3
41.8386,114.004376,22.678983,08:00:00,4
41.8386,113.158358,23.040397,08:00:00,10
41.8386,112.905005,23.15374,06:39:00,7
40.0001,113.807281,22.675887,07:03:00,6
39.9479,114.034519,22.625597,08:00:00,3
39.8463,113.92639,22.545463,06:33:00,1
39.8463,113.193986,23.458749,06:51:00,14
39.8463,114.085845,22.540878,08:00:00,5
39.8463,114.118199,22.559842,08:00:00,4
39.8463,113.292305,23.212488,08:00:00,5
39.8463,113.337886,23.13516,08:00:00,6
39.8463,113.276884,23.105198,08:00:00,5
39.8463,113.365248,23.095225,08:00:00,4
39.8463,113.370323,23.193444,08:00:00,5
39.8463,114.123028,22.565797,08:00:00,4
39.8463,113.352865,23.001787,08:00:00,6
39.8463,114.264305,22.728736,06:36:00,1
39.8463,113.433356,23.373834,06:45:00,5
39.8463,113.386713,23.135971,08:00:00,5
39.8463,114.009774,22.646861,06:39:00,1
39.8463,113.938947,22.679169,08:00:00,5
39.8463,113.271284,23.10584,08:00:00,5
39.8463,114.120275,22.659864,08:00:00,5
39.8463,113.815302,22.708022,07:24:00,3
39.8463,114.092534,22.550248,08:00:00,4
39.8463,113.978106,22.547093,06:39:00,1
39.8463,114.094441,22.56253,06:51:00,1
39.8463,113.293349,23.148314,07:36:00,1
39.8463,114.133295,22.550907,06:51:00,1
39.8463,113.236106,23.141977,08:00:00,7
39.8463,113.386429,23.17077,08:00:00,5
39.8463,113.240445,23.10288,08:00:00,6
39.8463,114.074777,22.531248,08:00:00,5
39.8463,114.057247,22.566277,06:51:00,1
39.8463,113.472495,22.937503,06:39:00,12
39.8463,114.297116,22.780596,07:06:00,10
39.8463,114.225501,22.693761,07:45:00,9
39.8463,114.111315,22.607315,08:00:00,4
39.8463,113.341529,23.203141,08:00:00,5
39.8463,114.121268,22.609728,08:00:00,4
39.8463,114.040503,22.571192,08:00:00,3
39.8463,113.286578,23.132668,08:00:00,6
39.8463,113.877354,22.581488,07:42:00,6
39.8463,113.835816,22.681384,07:21:00,5
39.8463,114.152468,22.626028,08:00:00,5
39.8463,113.272345,23.439895,07:06:00,9
39.8463,113.293306,23.142616,08:00:00,6
39.8463,113.215721,23.279398,07:18:00,9
39.8463,113.974574,22.553907,08:00:00,6
39.8463,114.118823,22.573458,08:00:00,4
39.8463,113.280243,23.112827,07:27:00,1
39.8463,113.723135,22.991592,06:33:00,1
39.8463,113.393497,23.333676,06:57:00,5
39.8463,113.937039,22.537562,07:45:00,7
39.8463,113.853501,22.608568,06:36:00,1
39.8463,113.236506,23.223677,08:00:00,6
39.8463,113.281233,23.101533,07:27:00,1
39.8463,113.911861,22.539697,07:39:00,7
39.8463,113.930063,22.521439,06:33:00,1
39.8463,114.109829,22.541419,08:00:00,4
39.8463,113.932276,22.521505,07:39:00,6
39.8463,113.192208,23.41147,06:51:00,15
39.8463,113.869516,22.586891,07:42:00,6
39.8463,113.487867,23.105474,07:27:00,4
39.8463,114.075432,22.537286,06:51:00,1
39.8463,114.089112,22.54842,08:00:00,4
39.8463,114.041621,22.67597,08:00:00,3
39.8463,113.401998,23.122523,08:00:00,4
39.8463,114.026536,22.656474,06:45:00,1
39.8463,113.82128,22.69798,07:15:00,4
39.8463,113.325786,23.168829,07:39:00,1
39.8463,114.218155,22.65703,06:48:00,1
39.8463,113.262955,23.214644,08:00:00,5
39.8463,113.348428,23.192039,08:00:00,5
39.8463,113.926733,22.566805,07:42:00,6
39.8463,114.054618,22.557264,08:00:00,4
39.8463,113.393584,23.136778,07:18:00,1
39.8463,113.235305,23.102809,08:00:00,6
39.8463,113.299053,23.349518,07:18:00,7
39.8463,113.835882,22.716731,07:30:00,4
39.8463,113.900599,22.767485,07:33:00,4
39.8463,113.321041,23.126049,08:00:00,6
39.8463,113.2262,23.061671,08:00:00,5
39.8463,113.378918,23.138925,08:00:00,5
39.8463,113.904246,22.726808,07:39:00,4
39.8463,113.949623,22.681319,08:00:00,5
39.8463,114.126707,22.606031,08:00:00,4
39.8463,113.922454,22.760543,07:36:00,4
39.8463,113.385011,22.794154,06:30:00,1
39.8463,114.121736,22.622065,08:00:00,4
39.8463,113.977801,22.538354,08:00:00,6
39.8463,113.265912,23.108233,08:00:00,5
39.8463,113.328971,23.098874,08:00:00,5
39.8463,114.026436,22.752553,07:30:00,4
39.8463,113.28236,23.149311,08:00:00,6
39.8463,114.229209,22.619595,07:36:00,7
39.8463,114.158556,22.559059,06:48:00,1
39.8463,113.844956,22.694935,07:27:00,4
39.8463,113.25955,23.115144,08:00:00,5
39.8463,114.076561,22.637062,08:00:00,4
39.8463,114.039199,23.017785,06:57:00,6
39.8463,113.67508,22.869974,07:00:00,3
39.8463,114.131288,22.86985,06:33:00,9
39.8463,113.721845,22.801963,06:54:00,3
39.8463,113.824454,23.121891,07:06:00,12
39.8463,113.900075,23.065028,06:48:00,12
39.8463,114.012363,22.92074,06:54:00,6
39.8463,114.080272,22.79723,06:33:00,9
39.8463,113.733323,23.041766,06:33:00,1
39.8463,113.929266,22.983841,06:51:00,9
39.8463,113.886441,23.037111,06:51:00,15
39.8463,113.7786,23.048678,07:21:00,14
39.8463,113.682766,22.811692,06:33:00,1
39.8463,114.119983,22.883376,06:36:00,9
39.8463,113.807922,22.938454,07:00:00,14
39.8463,113.082808,22.877674,06:39:00,11
39.8463,113.08838,23.230059,06:30:00,10
39.8463,112.872049,22.91514,06:33:00,19
39.8463,113.13325,23.002962,07:51:00,10
39.8463,112.923115,23.054569,06:39:00,8
39.8463,113.167485,22.906752,06:42:00,19
39.8463,113.282171,22.946631,07:18:00,5
39.8463,113.082854,22.877588,06:39:00,11
39.0864,113.224487,22.908228,06:45:00,18
38.4497,113.107354,22.963037,07:57:00,10
38.0205,114.139952,22.743173,08:00:00,4
37.8577,114.059629,22.602344,08:00:00,4
36.4665,114.06549,22.665991,08:00:00,4
34.7793,113.845955,22.913183,06:51:00,10
34.0831,113.75284,22.801749,07:21:00,3
34.0692,113.383475,22.949361,06:33:00,1
33.7613,113.807474,22.67858,07:36:00,4
32.927,113.424046,23.198099,08:00:00,4
31.759,113.409231,23.118314,08:00:00,3
31.5716,114.059483,22.523183,08:00:00,4
31.5077,113.541189,23.107375,07:06:00,2
31.4796,113.730621,22.985054,07:39:00,9
29.8847,113.309537,23.226076,08:00:00,5
29.852,113.411635,23.117332,08:00:00,3
28.1365,113.377527,23.142655,08:00:00,4
24.6983,114.06153,22.571079,08:00:00,3
24.1771,113.325889,23.101896,08:00:00,4
23.9078,113.938085,22.590912,08:00:00,4
23.9078,113.153309,23.477471,06:48:00,12
23.9078,113.385889,23.102825,08:00:00,3
23.4954,113.2973,22.764807,06:42:00,24
23.4321,113.274549,23.062129,08:00:00,4
23.0116,114.017925,23.06127,06:54:00,4
21.9154,113.116516,23.465214,06:51:00,12
21.9154,113.270301,23.10473,08:00:00,4
21.9154,113.424431,23.125273,08:00:00,3
21.9154,114.050323,22.616991,08:00:00,3
21.9154,113.153265,23.467767,06:57:00,11
21.9154,113.411452,23.308687,07:03:00,4
21.9154,113.134428,23.007471,08:00:00,8
21.6439,113.865793,22.578875,07:57:00,6
21.1757,113.814188,22.754533,07:54:00,2
21.0,113.97225,22.70931,08:00:00,3
20.9193,113.668769,22.960403,07:24:00,6
20.5801,114.221429,22.660281,08:00:00,6
20.4029,113.010393,23.131021,06:42:00,11
20.2945,114.170494,22.84683,06:39:00,6
20.2553,113.80713,23.076161,07:33:00,10
20.1144,113.797326,23.038477,07:45:00,9
20.0221,113.736371,23.021185,07:54:00,8
20.0,113.950727,22.987672,07:15:00,5
19.9231,113.422087,23.133161,08:00:00,3
19.9231,114.350423,22.691007,07:03:00,5
19.9231,113.942915,22.683829,08:00:00,3
19.9231,113.473636,22.965728,06:54:00,5
19.9231,113.230019,23.404957,07:18:00,8
19.9231,113.827217,22.664515,08:00:00,4
19.9231,114.262472,22.699071,07:33:00,7
19.9231,113.229506,23.219338,08:00:00,4
19.9231,114.026688,22.537866,08:00:00,3
19.9231,113.913206,22.571144,08:00:00,4
19.9231,114.037147,22.532385,08:00:00,2
19.9231,113.60728,23.158235,06:39:00,12
19.9231,113.847029,22.80646,07:39:00,3
19.9231,113.811259,22.74242,07:57:00,2
19.9231,114.072487,22.609277,08:00:00,3
19.9231,114.138971,22.597208,08:00:00,3
19.9231,113.311626,23.075938,08:00:00,4
19.9231,113.161711,23.477391,07:00:00,11
19.9231,113.273758,23.194785,08:00:00,4
19.9231,114.061367,22.634382,08:00:00,3
19.9231,113.269593,23.131625,08:00:00,4
19.9231,113.940527,22.679075,08:00:00,4
19.9231,114.074406,22.540552,08:00:00,3
19.9231,114.15286,22.620184,08:00:00,3
19.9231,114.036315,22.678692,08:00:00,3
19.9231,113.281256,23.13176,08:00:00,4
19.9231,113.331857,23.105626,08:00:00,4
19.9231,113.2174,23.232252,08:00:00,5
19.9231,113.352783,23.250338,08:00:00,4
19.9231,114.136246,22.557327,08:00:00,3
19.9231,113.951052,22.684399,08:00:00,3
19.9231,114.144945,22.569903,08:00:00,3
19.9231,113.917479,22.649654,08:00:00,3
19.9231,113.235188,23.40065,07:18:00,8
19.9231,113.852766,22.756044,08:00:00,3
19.9231,113.585389,23.554402,06:33:00,16
19.9231,114.052425,22.650392,08:00:00,3
19.9231,113.60336,23.553982,06:33:00,13
19.9231,113.834037,22.727754,08:00:00,3
19.9231,114.235709,22.754612,07:27:00,8
19.9231,113.815489,22.736548,08:00:00,2
19.9231,113.266832,23.125736,07:54:00,1
19.9231,113.848492,22.603963,08:00:00,5
19.9231,113.232456,23.244184,08:00:00,5
19.9231,113.411627,23.279236,07:42:00,2
19.9231,113.265774,23.205494,08:00:00,4
19.9231,113.400313,23.12206,08:00:00,3
19.9231,113.314994,23.027846,08:00:00,4
19.9231,113.260177,23.242655,08:00:00,4
19.9231,113.308569,23.29632,08:00:00,6
19.9231,114.134081,22.567565,08:00:00,3
19.9231,113.594134,23.537496,06:33:00,14
19.9231,114.042737,22.631402,08:00:00,2
19.9231,114.136224,22.604214,08:00:00,3
19.9231,113.943851,22.607632,08:00:00,4
19.9231,113.634612,23.126541,06:39:00,8
19.9231,113.937591,22.512119,08:00:00,5
19.9231,114.068196,22.635546,08:00:00,3
19.9231,114.334521,22.69665,07:06:00,6
19.9231,113.367267,23.139733,08:00:00,4
19.9231,113.958801,22.58193,08:00:00,4
19.9231,114.028418,22.752829,07:54:00,3
19.9231,113.588452,23.15676,06:45:00,4
19.9231,114.081573,22.622402,08:00:00,3
19.9231,113.392069,23.049134,08:00:00,3
19.9231,113.83191,23.301305,06:36:00,2
19.9231,113.328849,23.140659,08:00:00,4
19.9231,113.912736,22.566256,08:00:00,4
19.9231,114.120194,22.614646,08:00:00,3
19.9231,114.059494,22.702251,08:00:00,3
19.9231,114.149724,22.614975,08:00:00,3
19.9231,113.171529,23.390261,07:06:00,10
19.9231,113.919056,22.520271,08:00:00,5
19.9231,113.795779,22.746363,07:42:00,2
19.9231,113.904839,22.568192,08:00:00,4
19.9231,113.299083,23.093532,08:00:00,3
19.9231,113.365212,23.302272,07:45:00,5
19.9231,113.408058,23.365917,06:57:00,5
19.9231,113.256442,23.189998,08:00:00,4
19.9231,114.087865,22.543198,08:00:00,3
19.9231,113.258991,23.12757,08:00:00,4
19.9231,113.300051,23.141658,08:00:00,4
19.9231,113.362061,23.253257,08:00:00,4
19.9231,113.247355,23.170584,08:00:00,5
19.9231,114.093831,22.703833,08:00:00,3
19.9231,114.018598,22.654378,08:00:00,2
19.9231,113.274925,23.181904,08:00:00,4
19.9231,114.10472,22.574853,07:21:00,1
19.9231,114.045171,22.609328,08:00:00,2
19.9231,113.428474,23.12484,08:00:00,3
19.9231,113.831826,22.682171,07:54:00,3
19.9231,114.149829,22.678585,08:00:00,4
19.9231,113.258924,23.09955,08:00:00,3
19.9231,113.275742,23.1273,08:00:00,4
19.9231,114.284897,22.695318,07:30:00,8
19.9231,114.118147,22.586047,08:00:00,3
19.9231,113.907786,22.791047,07:51:00,3
19.9231,113.268607,23.137667,08:00:00,4
19.9231,113.237932,23.101714,08:00:00,4
19.9231,113.30354,23.089531,08:00:00,4
19.9231,113.508461,22.981732,06:45:00,6
19.9231,113.899277,22.782427,07:57:00,3
19.9231,113.272456,23.306762,07:54:00,7
19.9231,113.429536,23.127909,08:00:00,3
19.9231,113.945186,22.68233,08:00:00,3
19.9231,113.798479,22.740512,07:42:00,2
19.9231,114.130842,22.612742,08:00:00,3
19.9231,113.26699,23.245183,08:00:00,4
19.9231,113.624005,23.288104,06:33:00,7
19.9231,113.915091,22.561428,08:00:00,4
19.9231,114.045759,22.648627,08:00:00,2
19.9231,113.30372,23.265167,08:00:00,4
19.9231,113.871288,22.731366,08:00:00,3
19.9231,113.263774,23.131497,08:00:00,4
19.9231,113.311527,23.291829,08:00:00,4
19.9231,113.209874,23.388053,07:15:00,9
19.9231,114.31471,22.726154,07:21:00,7
19.9231,113.83535,22.724083,08:00:00,3
19.9231,114.193002,22.641265,08:00:00,5
19.9231,113.387319,23.168946,08:00:00,3
19.9231,113.882517,22.779356,08:00:00,3
19.9231,114.363229,22.694786,07:03:00,4
19.9231,113.291745,23.237748,08:00:00,4
19.9231,113.329537,22.935688,07:30:00,4
19.9231,113.262563,23.177908,08:00:00,4
19.9231,113.927531,22.580536,08:00:00,4
19.9231,113.286347,23.013819,08:00:00,4
19.9231,113.248435,23.288,08:00:00,6
19.9231,113.825901,22.754333,08:00:00,2
19.9231,113.240517,23.193002,08:00:00,5
19.9231,113.901022,22.755268,08:00:00,3
19.9231,114.125167,22.585088,08:00:00,3
19.9231,113.394102,23.136657,08:00:00,3
19.9231,113.288356,23.128267,08:00:00,1
19.9231,113.187407,23.076328,08:00:00,5
19.9231,113.38467,23.139008,08:00:00,3
19.9231,113.857353,22.60748,08:00:00,5
19.9231,113.318613,23.048494,08:00:00,3
19.9231,113.45262,23.103755,08:00:00,3
19.9231,113.868736,22.735653,08:00:00,3
19.9231,113.284901,23.110975,08:00:00,3
19.9231,113.568156,23.127649,07:00:00,2
19.9231,113.495516,23.170743,07:36:00,2
19.9231,113.923499,22.546207,08:00:00,5
19.9231,113.934592,22.647318,08:00:00,3
19.9231,113.154206,23.361475,06:54:00,10
19.9231,113.215376,23.164795,08:00:00,5
19.9231,113.252196,23.124025,08:00:00,4
19.9231,114.153114,22.632325,08:00:00,4
19.9231,113.508727,23.154271,07:24:00,2
19.9231,113.929849,22.690644,08:00:00,3
19.9231,114.00616,22.699048,08:00:00,2
19.9231,113.340246,23.082555,08:00:00,4
19.9231,114.017535,22.738389,08:00:00,3
19.9231,113.278725,23.224812,08:00:00,4
19.9231,113.302796,23.340888,07:30:00,5
19.9231,114.042832,22.624755,08:00:00,2
19.9231,114.228322,22.70128,06:45:00,1
19.9231,113.343921,23.033092,08:00:00,4
19.9231,113.938853,22.639714,08:00:00,3
19.9231,113.932075,22.786051,07:30:00,3
19.9231,113.953527,22.558162,08:00:00,4
19.9231,114.199652,22.642813,08:00:00,5
19.9231,113.308408,23.341603,07:30:00,5
19.9231,114.146998,22.555692,07:09:00,1
19.9231,114.003967,22.693729,08:00:00,2
19.9231,114.047006,22.752358,07:45:00,3
19.9231,113.330912,23.014123,08:00:00,4
19.9231,113.318917,23.030732,08:00:00,4
19.9231,113.326654,23.151654,08:00:00,4
19.9231,113.418898,23.129766,08:00:00,3
19.9231,113.266661,23.180843,08:00:00,4
19.9231,113.341028,23.018796,08:00:00,4
19.9231,113.286409,23.130774,08:00:00,4
19.9231,113.920649,22.580654,08:00:00,4
19.9231,114.090291,22.708679,08:00:00,3
19.9231,113.257362,23.16337,08:00:00,4
19.9231,113.354538,23.12316,08:00:00,1
19.9231,113.826622,22.69621,07:48:00,3
19.9231,114.259536,22.756527,07:24:00,8
19.9231,113.403471,22.966895,07:42:00,2
19.9231,113.363538,23.126749,08:00:00,4
19.9231,113.686901,23.508004,06:33:00,14
19.9231,114.07134,22.731757,08:00:00,3
19.9231,114.027799,22.536229,08:00:00,3
19.9231,113.615273,23.531128,06:33:00,14
19.9231,113.271795,23.093789,07:51:00,1
19.9231,114.125143,22.698637,08:00:00,3
19.9231,114.089857,22.706283,08:00:00,3
19.9231,113.866064,22.774768,08:00:00,3
19.9231,113.837129,22.679928,07:57:00,4
19.9231,114.304924,22.728433,07:27:00,7
19.9231,113.974087,22.54748,08:00:00,4
19.9231,113.365235,23.062979,08:00:00,3
19.9231,114.064577,22.607519,08:00:00,3
19.9231,114.008872,22.673135,08:00:00,2
19.9231,113.852383,23.284708,06:36:00,2
19.9231,113.330951,23.020387,08:00:00,4
19.9231,114.043842,22.740158,08:00:00,3
19.9231,114.287038,22.73341,07:24:00,7
19.9231,113.949325,22.524376,08:00:00,4
19.9231,114.067836,22.534015,08:00:00,3
19.9231,113.933072,22.789535,07:24:00,3
19.9231,113.919227,22.722281,08:00:00,3
19.9231,113.340249,23.09882,08:00:00,3
19.9231,113.404252,23.128006,08:00:00,3
19.9231,113.399401,23.049124,08:00:00,3
19.9231,114.114036,22.687897,08:00:00,3
19.9231,113.353567,23.022658,08:00:00,4
19.9231,114.231645,22.645555,08:00:00,6
19.9231,114.021881,22.638425,08:00:00,2
19.9231,113.977755,22.547653,08:00:00,4
19.9231,113.23289,23.40466,07:18:00,8
19.9231,114.070865,22.53251,08:00:00,3
19.9231,113.349263,22.938598,07:30:00,4
19.9231,113.83187,22.70193,08:00:00,3
19.9231,113.830218,23.279593,06:36:00,2
19.9231,114.031314,22.676134,08:00:00,2
19.9231,114.157752,22.626184,08:00:00,4
19.9231,113.331828,23.168598,08:00:00,4
19.9231,113.242859,23.183208,08:00:00,5
19.9231,113.940583,22.676906,08:00:00,3
19.9231,113.212429,23.401581,07:15:00,9
19.9231,113.626196,23.114422,06:39:00,8
19.9231,113.924318,22.538407,08:00:00,5
19.9231,113.820502,22.710917,07:57:00,2
19.9231,114.168494,22.618443,08:00:00,3
19.9231,113.382545,23.220429,08:00:00,3
19.9231,114.269511,22.729748,07:27:00,7
19.9231,113.433893,22.978106,07:18:00,4
19.9231,113.238996,23.084767,08:00:00,4
19.9231,113.260304,23.203614,08:00:00,4
19.9231,113.401779,23.121292,08:00:00,3
19.9231,114.019498,22.551115,08:00:00,3
19.9231,114.319532,22.712053,07:24:00,7
19.9231,114.134689,22.552028,08:00:00,3
19.9231,113.23245,23.082187,07:15:00,1
19.9231,113.805277,22.762867,07:51:00,2
19.9231,113.341251,23.044102,08:00:00,3
19.9231,114.118522,22.625556,08:00:00,3
19.9231,113.685956,23.639637,06:33:00,25
19.9231,114.279051,22.709856,07:30:00,7
19.9231,113.283064,23.108546,08:00:00,1
19.9231,114.400805,22.745954,06:42:00,6
19.9231,113.928555,22.516794,08:00:00,5
19.9231,113.293311,23.148217,08:00:00,1
19.9231,113.315198,23.070767,08:00:00,4
19.9231,114.13561,22.55693,07:12:00,1
19.9231,113.822878,22.778588,07:54:00,2
19.9231,114.032724,22.622372,08:00:00,2
19.9231,114.096624,22.549686,08:00:00,3
19.9231,113.251466,23.284194,08:00:00,4
19.9231,114.113317,22.66355,08:00:00,3
19.9231,113.467281,23.131877,08:00:00,2
19.9231,113.944084,22.679938,08:00:00,3
19.9231,113.90617,22.779912,08:00:00,3
19.9231,113.923425,22.759359,08:00:00,3
19.9231,113.305572,23.373447,07:24:00,6
19.9231,114.038863,22.656834,08:00:00,2
19.9231,113.38756,23.172054,08:00:00,3
19.9231,113.382687,23.216805,08:00:00,3
19.9231,113.313271,22.997366,08:00:00,4
19.9231,113.215426,23.164808,08:00:00,5
19.9231,113.378083,22.958694,07:42:00,3
19.9231,114.009748,22.64647,07:06:00,1
19.9231,113.39024,23.168364,08:00:00,3
19.9231,113.295469,23.223223,08:00:00,4
19.9231,114.055684,22.525774,08:00:00,3
19.9231,114.057298,22.66124,08:00:00,3
19.9231,113.396439,23.197384,08:00:00,3
19.9231,113.615803,23.12836,06:39:00,7
19.9231,113.253212,23.12486,08:00:00,4
19.9231,113.375663,23.103519,08:00:00,3
19.9231,113.348035,22.926225,07:24:00,5
19.9231,113.813455,22.742155,08:00:00,2
19.9231,114.178992,22.566204,08:00:00,3
19.9231,113.227189,23.16291,08:00:00,5
19.9231,113.849567,22.721231,08:00:00,3
19.9231,113.267766,23.156647,08:00:00,4
19.9231,113.555107,23.113143,07:12:00,1
19.9231,114.063042,22.57103,08:00:00,3
19.9231,114.301889,22.735161,07:27:00,7
19.9231,113.908594,22.555127,08:00:00,4
19.9231,113.460672,23.184956,08:00:00,3
19.9231,113.845671,23.295999,06:36:00,2
19.9231,113.303712,23.270543,08:00:00,4
19.9231,113.924539,22.538329,08:00:00,5
19.9231,114.029399,22.642307,08:00:00,2
19.9231,113.393033,23.01609,08:00:00,3
19.9231,113.385506,23.171037,08:00:00,3
19.9231,113.539775,22.800386,06:33:00,14
19.9231,113.801039,22.700297,07:33:00,2
19.9231,113.256467,23.261005,08:00:00,5
19.9231,113.270582,23.091569,08:00:00,4
19.9231,114.130825,22.663852,08:00:00,3
19.9231,113.915323,22.77973,07:54:00,3
19.9231,113.846842,22.756618,08:00:00,3
19.9231,113.869264,22.64224,08:00:00,3
19.9231,113.247408,23.084662,08:00:00,4
19.9231,114.145883,22.584579,08:00:00,3
19.9231,113.890185,22.787472,07:57:00,2
19.9231,113.960953,22.586445,08:00:00,4
19.9231,113.944954,22.678681,08:00:00,3
19.9231,113.361607,23.248745,08:00:00,4
19.9231,113.799259,22.6972,07:24:00,2
19.9231,113.537448,23.09451,07:15:00,2
19.9231,113.386125,23.130577,08:00:00,3
19.9231,113.370849,22.954478,07:39:00,3
19.9231,113.828809,22.676292,08:00:00,4
19.9231,113.834508,22.784529,07:54:00,2
19.9231,114.222082,22.655615,08:00:00,6
19.9231,114.08679,22.54097,08:00:00,3
19.9231,113.362741,22.938138,07:30:00,3
19.9231,113.245933,23.173079,08:00:00,5
19.9231,113.948302,22.586528,08:00:00,4
19.9231,113.817014,22.762379,07:57:00,2
19.9231,113.868431,22.810214,07:33:00,2
19.9231,113.995329,22.597324,08:00:00,3
19.9231,113.390831,23.168041,08:00:00,3
19.9231,113.250874,23.190597,08:00:00,4
19.9231,113.835972,23.287881,06:36:00,2
19.9231,114.230887,22.677101,07:57:00,6
19.9231,113.456471,23.108864,08:00:00,3
19.9231,113.233157,23.386228,07:21:00,8
19.9231,113.339694,23.042904,08:00:00,4
19.9231,113.327238,23.442247,06:57:00,4
19.9231,114.043372,22.619962,08:00:00,2
19.9231,113.86914,22.642208,08:00:00,3
19.9231,113.253969,23.191428,08:00:00,4
19.9231,114.003932,22.68864,08:00:00,2
19.9231,114.125041,22.551636,07:12:00,1
19.9231,113.285162,23.124957,08:00:00,1
19.9231,113.812878,22.734044,07:57:00,2
19.9231,113.911396,22.736067,08:00:00,2
19.9231,113.907008,22.759419,08:00:00,3
19.9231,113.281205,23.241216,08:00:00,4
19.9231,113.944985,22.690289,08:00:00,3
19.9231,113.284026,23.107343,08:00:00,1
19.9231,113.186345,23.470746,07:09:00,10
19.9231,113.307791,23.238645,08:00:00,4
19.9231,113.258174,23.124216,08:00:00,4
19.9231,113.291914,23.229363,08:00:00,4
19.9231,113.940969,22.548557,08:00:00,5
19.9231,113.440314,23.162649,08:00:00,2
19.9231,113.372148,23.204412,08:00:00,3
19.9231,113.300917,23.110531,08:00:00,1
19.9231,114.005421,22.553436,07:09:00,1
19.9231,113.411019,23.124737,08:00:00,3
19.9231,113.934727,22.513896,08:00:00,5
19.9231,113.271012,23.11221,08:00:00,4
19.9231,114.179201,22.567904,08:00:00,3
19.9231,113.550662,23.14151,07:06:00,2
19.9231,113.930947,22.579349,08:00:00,4
19.9231,113.402232,22.946099,07:30:00,3
19.9231,113.422985,23.110309,08:00:00,3
19.9231,113.717294,23.414427,06:30:00,7
19.9231,114.042056,22.607706,08:00:00,2
19.9231,114.027775,22.744411,08:00:00,3
19.9231,114.013122,22.658557,08:00:00,2
19.9231,113.244812,23.176911,07:48:00,1
19.9231,113.23236,23.140153,08:00:00,5
19.9231,113.35024,22.953789,07:36:00,3
19.9231,113.330808,23.087559,08:00:00,4
19.9231,113.234368,23.150449,08:00:00,5
19.9231,113.279275,23.075933,08:00:00,4
19.9231,113.300112,23.141711,08:00:00,4
19.9231,113.853538,22.743096,08:00:00,3
19.9231,113.341465,23.19419,08:00:00,4
19.9231,113.302792,23.292706,08:00:00,6
19.9231,114.021914,22.669292,08:00:00,2
19.9231,114.043661,22.645539,08:00:00,2
19.9231,114.089125,22.689654,08:00:00,3
19.9231,113.272624,23.197087,08:00:00,4
19.9231,114.131808,22.608405,08:00:00,3
19.9231,113.311327,23.161889,08:00:00,4
19.9231,113.803356,22.762261,07:48:00,2
19.9231,113.932282,22.762335,08:00:00,2
19.9231,113.265481,23.197231,08:00:00,4
19.9231,113.952992,22.796075,07:09:00,3
19.9231,113.664926,23.176051,06:30:00,17
19.9231,113.349043,23.147242,08:00:00,4
19.9231,113.433006,23.143869,08:00:00,3
19.9231,113.306788,23.279898,08:00:00,4
19.9231,113.889285,22.604255,08:00:00,4
19.9231,114.503161,22.57019,06:33:00,1
19.9231,113.399145,23.067267,08:00:00,3
19.9231,113.788603,22.697286,07:24:00,2
19.9231,113.857615,22.753515,08:00:00,3
19.9231,113.792718,22.7529,07:42:00,2
19.9231,113.338308,22.967507,07:45:00,3
19.9231,113.346537,23.063067,08:00:00,3
19.9231,113.798991,22.694308,07:21:00,2
19.9231,113.892801,22.807539,07:33:00,3
19.9231,113.338695,23.137376,08:00:00,4
19.9231,113.374881,23.202991,08:00:00,3
19.9231,113.226914,23.116361,08:00:00,4
19.9231,113.938755,22.501452,08:00:00,5
19.9231,114.100123,22.731251,08:00:00,3
19.9231,114.38671,22.736324,06:51:00,4
19.9231,113.249584,23.47321,07:09:00,9
19.9231,113.308813,23.089764,08:00:00,4
19.9231,113.388964,22.789134,06:36:00,24
19.9231,113.914864,22.779628,07:57:00,3
19.9231,114.047236,22.69716,08:00:00,3
19.9231,113.392335,23.355278,07:09:00,3
19.9231,113.334099,23.208776,08:00:00,4
19.9231,113.216845,23.389134,07:15:00,8
19.9231,113.579964,23.138844,06:57:00,3
19.9231,113.337859,23.047007,08:00:00,3
19.9231,113.263381,23.202989,07:42:00,1
19.9231,113.714935,23.179264,06:33:00,11
19.9231,114.046901,22.616995,07:21:00,1
19.9231,113.379857,22.954901,07:39:00,3
19.9231,114.010378,22.682951,08:00:00,2
19.9231,114.074426,22.661587,08:00:00,3
19.9231,114.045091,22.568124,08:00:00,2
19.9231,113.449036,23.113131,08:00:00,3
19.9231,113.86968,22.585884,08:00:00,4
19.9231,113.386783,23.134618,08:00:00,3
19.9231,113.322854,22.985368,08:00:00,4
19.9231,113.239899,23.476614,07:09:00,9
19.9231,113.907313,22.580875,08:00:00,4
19.9231,113.254495,23.12403,08:00:00,4
19.9231,113.592978,23.5314,06:33:00,14
19.9231,113.84264,22.70298,08:00:00,2
19.9231,114.076399,22.643898,08:00:00,3
19.9231,114.238248,22.66513,07:48:00,7
19.9231,113.889537,22.788478,07:57:00,2
19.9231,113.38727,23.169018,08:00:00,3
19.9231,114.064351,22.708088,08:00:00,3
19.9231,113.364511,23.118132,08:00:00,3
19.9231,113.912015,22.755773,08:00:00,3
19.9231,114.118359,22.616425,08:00:00,3
19.9231,113.957013,22.590953,08:00:00,4
19.9231,113.237874,23.30995,07:42:00,7
19.9231,114.034685,22.678822,08:00:00,3
19.9231,113.949363,22.524293,08:00:00,4
19.9231,113.948254,22.695136,08:00:00,3
19.9231,113.238583,23.474501,07:09:00,9
19.9231,114.110719,22.56647,08:00:00,3
19.9231,113.32869,23.27411,08:00:00,4
19.9231,114.299771,22.725041,07:30:00,7
19.9231,113.283207,22.964123,07:45:00,3
19.9231,114.008433,22.659687,08:00:00,2
19.9231,113.364742,22.946646,07:30:00,3
19.9231,113.418224,23.11545,07:30:00,1
19.9231,113.815392,22.695095,07:39:00,2
19.9231,113.850591,22.770166,08:00:00,3
19.9231,113.279169,23.137149,08:00:00,4
19.9231,113.926536,22.566717,08:00:00,5
19.9231,113.360372,22.940616,07:30:00,3
19.9231,113.895248,22.498771,08:00:00,5
19.9231,114.081248,22.77798,06:54:00,6
19.9231,113.91974,23.000144,07:15:00,7
19.9231,113.741026,22.805936,07:21:00,2
19.9231,114.118197,22.743062,07:39:00,4
19.9231,113.816181,22.903224,06:57:00,6
19.9231,113.74753,22.804772,07:24:00,2
19.9231,113.70557,22.969322,07:54:00,7
19.9231,113.982372,22.979086,07:18:00,4
19.9231,113.812394,22.803661,07:33:00,2
19.9231,113.928423,23.022548,07:06:00,7
19.9231,113.799767,22.823812,07:15:00,2
19.9231,114.067428,22.77245,07:00:00,5
19.9231,113.625489,22.938265,07:00:00,5
19.9231,113.751863,22.778125,07:42:00,2
19.9231,114.102635,22.802223,06:48:00,6
19.9231,113.631691,22.925,07:09:00,5
19.9231,114.090852,22.841605,06:54:00,6
19.9231,113.826767,22.891166,07:09:00,4
19.9231,114.16965,22.700646,08:00:00,4
19.9231,113.662486,22.95593,07:27:00,5
19.9231,113.911108,22.954645,07:09:00,6
19.9231,113.760692,22.795295,07:36:00,2
19.9231,113.767028,23.083141,07:36:00,10
19.9231,113.874529,23.101657,07:09:00,12
19.9231,114.037365,22.926463,07:03:00,5
19.9231,113.837293,22.93,07:00:00,9
19.9231,114.095352,22.877114,06:57:00,7
19.9231,114.177666,22.709582,08:00:00,4
19.9231,114.007398,22.886224,07:00:00,6
19.9231,113.784079,23.003847,07:42:00,10
19.9231,113.87697,22.993739,07:12:00,12
19.9231,113.682839,22.815683,06:54:00,2
19.9231,113.824912,22.879447,07:09:00,3
19.9231,113.831847,23.114369,07:27:00,9
19.9231,113.86381,22.980098,07:27:00,9
19.9231,113.771276,23.059838,07:39:00,10
19.9231,113.772804,23.036206,07:45:00,10
19.9231,114.189993,22.822065,06:48:00,9
19.9231,113.740693,22.786421,07:30:00,2
19.9231,113.949274,23.020809,07:12:00,5
19.9231,113.992473,22.994115,07:06:00,5
19.9231,113.706808,23.009599,07:51:00,7
19.9231,113.969625,23.076711,06:57:00,5
19.9231,114.081164,22.809754,06:45:00,7
19.9231,113.866188,22.944554,07:00:00,10
19.9231,113.724467,22.811167,07:09:00,2
19.9231,114.108587,22.826964,06:51:00,6
19.9231,114.118719,22.780789,06:45:00,6
19.9231,113.755233,22.822234,07:21:00,2
19.9231,114.084304,22.764935,07:15:00,5
19.9231,113.740898,22.80565,07:21:00,2
19.9231,113.797487,23.037027,07:54:00,9
19.9231,113.984484,23.020852,07:12:00,5
19.9231,113.980395,22.915173,07:09:00,5
19.9231,113.636469,22.935573,07:12:00,5
19.9231,113.798912,22.768697,07:39:00,2
19.9231,114.092653,23.031772,06:51:00,4
19.9231,113.760212,22.976751,07:54:00,9
19.9231,113.911264,22.954993,07:09:00,6
19.9231,114.090229,22.813272,06:48:00,6
19.9231,113.712295,22.937475,07:24:00,8
19.9231,113.97324,23.106108,06:42:00,6
19.9231,113.852208,22.897119,07:03:00,5
19.9231,113.799205,22.768174,07:39:00,2
19.9231,113.789215,22.770692,07:42:00,2
19.9231,113.700828,22.95963,07:45:00,6
19.9231,114.116544,22.733944,07:51:00,4
19.9231,113.793246,22.814651,07:21:00,2
19.9231,114.200168,22.840164,06:42:00,8
19.9231,114.013836,23.041115,06:57:00,5
19.9231,113.920758,22.954792,07:15:00,5
19.9231,113.75171,23.052802,07:48:00,9
19.9231,113.680066,22.832463,06:54:00,2
19.9231,113.863877,22.900153,06:57:00,5
19.9231,113.885572,23.12442,06:57:00,13
19.9231,113.757734,22.775498,07:45:00,2
19.9231,113.837543,22.806587,07:39:00,3
19.9231,113.812398,22.829263,07:24:00,2
19.9231,113.983376,22.92664,07:09:00,4
19.9231,114.135313,22.732519,07:51:00,4
19.9231,113.744351,23.055013,07:51:00,8
19.9231,114.082389,22.799161,06:48:00,6
19.9231,113.712423,22.93524,07:24:00,8
19.9231,113.747246,23.023463,08:00:00,8
19.9231,113.799057,23.035179,07:54:00,9
19.9231,113.718616,23.06617,07:36:00,8
19.9231,114.204233,22.729495,07:39:00,7
19.9231,113.621716,22.91217,07:03:00,5
19.9231,113.79086,23.112146,07:27:00,10
19.9231,114.113402,22.831608,06:45:00,6
19.9231,113.897973,22.997915,07:03:00,11
19.9231,114.161596,22.739625,07:15:00,6
19.9231,113.867865,23.104527,07:18:00,9
19.9231,113.780224,23.044151,07:39:00,10
19.9231,113.736257,22.825356,07:15:00,2
19.9231,113.953996,22.985615,07:15:00,5
19.9231,114.035429,22.972278,07:03:00,5
19.9231,113.923088,22.898636,07:12:00,4
19.9231,113.786543,23.046573,07:48:00,9
19.9231,114.022416,23.010499,07:06:00,5
19.9231,113.71556,23.012182,08:00:00,7
19.9231,113.885701,23.032352,07:12:00,11
19.9231,113.72698,22.852086,07:15:00,2
19.9231,114.102109,23.011314,06:48:00,6
19.9231,113.67718,22.961579,07:39:00,5
19.9231,113.988868,22.974824,07:09:00,4
19.9231,113.935444,22.926663,07:09:00,5
19.9231,113.935392,22.954846,07:12:00,5
19.9231,113.67304,22.799794,06:54:00,2
19.9231,113.889792,22.961275,07:00:00,9
19.9231,113.548862,23.055543,07:12:00,2
19.9231,113.784323,23.037388,07:45:00,10
19.9231,113.696184,23.074947,07:30:00,7
19.9231,114.072281,22.801112,06:48:00,6
19.9231,113.795105,22.814671,07:21:00,2
19.9231,113.82953,23.092249,07:36:00,9
19.9231,113.784144,23.093876,07:30:00,10
19.9231,114.05203,23.027349,06:51:00,4
19.9231,113.878506,23.070079,07:06:00,12
19.9231,113.79212,22.771301,07:42:00,2
19.9231,113.634534,22.895069,07:06:00,5
19.9231,114.04255,22.960469,07:03:00,4
19.9231,113.819436,22.905706,06:57:00,6
19.9231,113.955644,22.984608,07:15:00,5
19.9231,113.796521,22.811372,07:18:00,2
19.9231,113.977261,22.953944,07:12:00,4
19.9231,113.923586,22.998147,07:15:00,7
19.9231,113.870064,22.932349,06:54:00,9
19.9231,114.090245,22.917688,07:06:00,4
19.9231,113.667761,22.920828,07:21:00,5
19.9231,114.16122,22.815166,06:42:00,8
19.9231,113.693021,22.813131,06:54:00,2
19.9231,114.07461,22.772376,07:00:00,6
19.9231,113.749698,23.039387,07:48:00,9
19.9231,113.709954,22.849592,07:06:00,2
19.9231,113.767861,23.013723,07:51:00,9
19.9231,114.007215,22.913478,07:03:00,5
19.9231,113.81585,22.813916,07:36:00,2
19.9231,113.733677,23.091486,07:33:00,8
19.9231,113.931099,23.018409,07:12:00,7
19.9231,113.745668,23.061404,07:45:00,9
19.9231,114.16751,22.857311,06:42:00,6
19.9231,114.132189,22.745632,07:30:00,4
19.9231,113.793757,23.039652,07:48:00,9
19.9231,113.796559,22.821741,07:18:00,2
19.9231,113.842775,22.996231,07:39:00,8
19.9231,113.635105,22.849609,06:54:00,3
19.9231,113.677471,22.845934,07:03:00,2
19.9231,113.970559,22.921877,07:09:00,4
19.9231,113.7765,22.797837,07:33:00,2
19.9231,113.965833,23.047683,07:09:00,4
19.9231,113.734852,22.799248,07:18:00,2
19.9231,114.219065,22.828959,06:54:00,9
19.9231,114.020475,22.988497,07:03:00,5
19.9231,113.998336,23.031403,07:00:00,5
19.9231,114.11389,22.747349,07:39:00,4
19.9231,113.924963,23.028009,07:09:00,7
19.9231,114.190013,22.823346,06:48:00,9
19.9231,113.868991,22.979523,07:18:00,11
19.9231,113.931721,22.926757,07:06:00,5
19.9231,114.041517,22.778333,07:06:00,4
19.9231,113.793387,23.041146,07:48:00,9
19.9231,112.713124,22.861333,06:30:00,9
19.9231,113.140443,22.862543,06:45:00,9
19.9231,112.983289,23.097502,06:51:00,8
19.9231,113.090166,23.206301,06:48:00,8
19.9231,113.280208,22.783929,06:39:00,28
19.9231,112.84429,23.176257,06:42:00,5
19.9231,113.134245,23.044896,08:00:00,8
19.9231,113.205598,23.028507,08:00:00,6
19.9231,113.083468,22.95841,08:00:00,7
19.9231,113.070645,22.870735,06:51:00,8
19.9231,23.031824,113.131483,06:36:00,1
19.9231,112.862711,23.199288,06:39:00,7
19.9231,113.070853,23.044966,08:00:00,8
19.9231,113.186879,22.828449,06:39:00,20
19.9231,113.046727,22.957645,06:33:00,1
19.9231,113.084222,22.90844,07:09:00,9
19.9231,113.208916,22.851031,06:48:00,18
19.9231,112.992485,22.945842,06:54:00,9
19.9231,112.815505,22.886559,06:33:00,25
19.9231,113.012977,22.865052,06:51:00,3
19.9231,113.124721,23.218288,06:45:00,5
19.9231,113.078846,22.924002,07:24:00,9
19.9231,113.185962,23.10474,08:00:00,5
19.9231,113.132635,23.064156,08:00:00,8
19.9231,113.093371,22.946046,08:00:00,8
19.9231,112.928569,23.018008,06:42:00,6
19.9231,113.085754,23.062639,08:00:00,8
19.9231,112.963963,23.081462,06:51:00,7
19.9231,113.097191,23.158548,07:00:00,8
19.9231,112.908035,22.890848,06:36:00,14
19.9231,113.222848,22.910516,07:03:00,13
19.9231,113.269796,22.837338,06:42:00,22
19.9231,113.193624,23.217125,08:00:00,5
19.9231,113.072124,23.035598,08:00:00,8
19.9231,113.152314,23.131878,08:00:00,6
19.9231,113.200507,22.950558,07:48:00,8
19.9231,113.269884,22.746692,06:48:00,21
19.9231,113.126703,23.20048,06:51:00,6
19.9231,113.145181,22.811849,06:45:00,9
19.9231,113.077375,23.054558,08:00:00,8
19.9231,113.171703,23.187784,08:00:00,5
19.9231,113.224839,22.976627,08:00:00,4
19.9231,113.177387,23.045332,08:00:00,5
19.9231,113.174019,22.861972,06:45:00,14
19.9231,113.010389,23.176661,06:36:00,10
19.9231,113.18301,23.029895,08:00:00,7
19.9231,113.198752,23.031897,08:00:00,5
19.9231,112.952244,23.063001,06:48:00,5
19.9231,113.124528,23.03844,08:00:00,8
19.9231,113.113577,23.242116,06:33:00,9
19.9231,113.185484,23.1013,08:00:00,5
19.9231,113.186448,23.11445,08:00:00,5
19.9231,113.18246,23.068396,08:00:00,5
19.9231,113.113535,23.039637,06:36:00,1
19.9231,113.092774,22.966175,08:00:00,8
19.9231,113.011734,22.849746,06:45:00,3
19.9231,113.003852,23.091763,06:54:00,8
19.9231,112.967578,23.067008,06:51:00,6
19.9231,113.09496,22.905481,07:03:00,9
19.9231,113.22959,22.922027,07:00:00,13
19.9231,113.262919,22.77301,06:45:00,23
19.9231,113.046817,22.896958,06:54:00,9
19.9231,113.080458,22.873854,06:51:00,8
19.9231,113.196772,23.09287,08:00:00,5
19.9231,113.222219,22.833412,06:42:00,22
19.9231,113.15181,23.187311,07:27:00,7
19.9231,112.963401,23.181887,06:45:00,5
19.9231,113.083775,22.918387,07:18:00,10
19.9231,113.116029,23.041151,08:00:00,8
19.9231,113.108267,23.028549,08:00:00,8
19.9231,113.029602,23.140438,06:48:00,10
19.9231,113.151936,23.03649,08:00:00,7
19.9231,113.162249,23.049063,08:00:00,6
19.9231,113.157934,23.256482,07:00:00,6
19.9231,113.123242,23.024469,08:00:00,8
19.9231,113.123442,22.787911,06:39:00,11
19.9231,112.953818,23.089051,06:48:00,6
19.9231,113.079766,22.882888,06:54:00,7
19.9231,112.960073,23.181886,06:45:00,5
19.9231,112.960342,22.875004,06:42:00,4
19.9231,112.623743,22.841984,06:30:00,7
19.9231,113.16745,23.146479,08:00:00,5
19.9231,113.201287,23.025707,08:00:00,7
19.9231,113.175273,23.159015,08:00:00,5
19.9231,113.106922,23.078122,08:00:00,8
19.9231,113.205443,22.992381,08:00:00,6
19.9231,113.166922,22.907445,07:03:00,13
19.9231,112.95282,23.279771,06:30:00,7
19.9231,112.892575,23.047825,06:36:00,5
19.9231,113.058428,23.032175,08:00:00,8
19.9231,112.964127,23.14642,06:51:00,6
19.9231,113.209463,23.119823,08:00:00,5
19.5432,114.108676,22.841116,06:51:00,6
19.5432,112.924259,22.925371,06:39:00,13
19.5432,113.072967,23.001247,08:00:00,8
19.5432,113.134502,23.037019,08:00:00,8
18.5175,113.963737,22.547083,08:00:00,4
18.3667,114.117077,22.623677,08:00:00,3
18.261,113.920024,22.519363,08:00:00,4
17.9308,113.524752,23.585306,06:51:00,11
17.9066,113.341247,23.1972,08:00:00,4
17.8619,113.78339,23.264825,06:54:00,2
17.6769,113.451695,23.378745,07:06:00,3
17.4307,113.310501,23.235479,08:00:00,4
17.3502,114.015563,22.989233,08:00:00,5
16.6889,113.713928,22.840749,08:00:00,2
15.8772,113.304801,23.019999,08:00:00,4
15.8198,114.087366,22.771888,08:00:00,5
15.7373,113.359365,23.114535,08:00:00,1
15.1603,113.194624,23.113707,08:00:00,5
14.888,114.142396,22.620784,08:00:00,3
13.9462,113.273647,23.233479,08:00:00,4
13.5709,113.229868,23.165246,08:00:00,4
13.1511,113.155394,22.947583,08:00:00,7
13.0081,113.59388,23.552925,06:57:00,11
12.9003,113.125956,23.006205,08:00:00,6
12.2308,113.189996,23.109573,08:00:00,4
11.5443,113.239467,23.103535,08:00:00,3
11.5341,113.284565,23.115734,08:00:00,3
11.4122,113.868257,22.662717,08:00:00,3
11.3608,114.16351,22.715165,08:00:00,3
11.0655,114.233943,22.711769,08:00:00,5
10.9577,113.232607,23.179127,08:00:00,3
10.8986,113.688505,22.959082,08:00:00,4
10.2849,113.77029,23.04612,08:00:00,7
9.9616,113.232624,23.17939,08:00:00,3
8.9832,113.943079,22.677596,06:54:00,1
8.0595,113.287375,23.11535,08:00:00,2
8.0586,113.339948,23.138009,08:00:00,3
7.7362,114.025186,22.648431,08:00:00,1
7.5925,112.9031,23.189477,07:00:00,3
7.5268,113.291179,23.346159,08:00:00,3
7.4288,113.661179,22.934163,08:00:00,4
7.4166,113.362159,23.197974,08:00:00,2
6.4138,113.219847,23.207299,08:00:00,3
6.3409,113.913579,22.732855,08:00:00,1
6.0877,113.268316,23.095291,08:00:00,2
5.9769,113.798215,22.751659,08:00:00,1
5.9769,113.941863,23.005873,08:00:00,3
5.6317,113.389921,23.132753,08:00:00,2
5.6198,114.104769,22.541893,08:00:00,2
5.5463,113.883553,22.783063,08:00:00,1
5.4222,113.809194,22.801885,08:00:00,1
4.9808,113.276638,23.140609,08:00:00,2
4.8502,114.014507,22.736689,08:00:00,1
4.7742,113.861517,23.114157,08:00:00,4
4.6652,113.285325,23.076772,08:00:00,2
4.2748,113.328208,23.185425,08:00:00,2
4.2743,113.255523,23.081575,08:00:00,2
4.2255,113.380502,22.9547,08:00:00,1
4.2092,113.19525,22.838986,07:21:00,10
4.1743,113.313338,23.235565,08:00:00,2
4.1494,113.550644,23.114962,07:57:00,1
4.0,114.169655,22.616369,08:00:00,2
4.0,113.092554,22.943723,08:00:00,3
3.9846,113.391523,23.136097,08:00:00,1
3.9846,113.340145,23.081941,08:00:00,2
3.9846,113.950857,22.688487,08:00:00,1
3.9846,114.017808,22.538541,08:00:00,1
3.9846,113.33294,23.151366,08:00:00,2
3.9846,113.319482,22.981142,08:00:00,2
3.9846,114.057303,22.642198,08:00:00,1
3.9846,113.224004,23.202877,08:00:00,2
3.9846,113.391975,23.135027,08:00:00,1
3.9846,113.97741,23.09353,08:00:00,2
3.9846,112.901647,22.900134,06:51:00,6
3.8779,113.884259,22.99176,08:00:00,5
3.7533,114.131239,22.594962,08:00:00,1
3.4315,113.793094,22.691853,08:00:00,1
3.1214,114.119228,22.567707,08:00:00,1
3.0446,113.287397,23.114022,08:00:00,1
2.1046,113.264437,23.12621,08:00:00,1
2.1046,113.362453,23.262857,08:00:00,1
2.0332,113.329564,23.1394,08:00:00,1
2.0,114.055072,22.653325,08:00:00,1
2.0,113.2571,23.150466,08:00:00,1
2.0,113.459695,23.142575,08:00:00,1
2.0,113.870892,22.666216,08:00:00,1
2.0,113.85078,22.591455,08:00:00,2
2.0,114.053106,22.557764,08:00:00,1
2.0,113.278514,23.176335,08:00:00,1
2.0,113.380583,23.046553,08:00:00,1
2.0,114.049928,22.567335,08:00:00,1
2.0,114.122261,22.59598,08:00:00,1
2.0,113.884646,22.604491,08:00:00,1
2.0,113.919158,22.546566,08:00:00,1
2.0,113.379039,23.119893,08:00:00,1
2.0,113.325241,23.027139,08:00:00,1
2.0,113.884499,22.762004,08:00:00,1
2.0,114.217649,22.719648,08:00:00,2
2.0,113.271324,23.178014,08:00:00,1
2.0,113.830542,22.740831,08:00:00,1
2.0,114.19104,22.640204,08:00:00,2
2.0,114.021474,22.735581,08:00:00,1
2.0,114.00856,22.67872,08:00:00,1
2.0,114.375702,22.682929,07:45:00,1
2.0,113.280497,23.254538,08:00:00,1
2.0,114.077496,22.643088,08:00:00,1
2.0,113.235614,23.32926,08:00:00,2
2.0,113.456276,23.113186,08:00:00,1
2.0,113.808621,22.692526,08:00:00,1
2.0,113.935795,22.692011,08:00:00,1
2.0,113.313253,22.877694,08:00:00,4
2.0,113.346143,22.95994,08:00:00,1
2.0,114.019238,22.676616,08:00:00,1
2.0,113.372406,23.367849,08:00:00,1
2.0,114.080521,22.696592,08:00:00,1
2.0,113.941172,22.688898,08:00:00,1
2.0,113.466657,23.129741,08:00:00,1
2.0,114.387122,22.753612,08:00:00,2
2.0,113.841368,22.648044,08:00:00,1
2.0,113.326104,23.09828,08:00:00,1
2.0,113.872062,22.590931,08:00:00,1
2.0,113.840487,23.292381,06:54:00,1
2.0,113.432343,23.2046,08:00:00,1
2.0,114.370497,22.761396,07:57:00,2
2.0,113.42732,23.126289,08:00:00,1
2.0,114.122876,22.614869,08:00:00,1
2.0,114.25131,22.758745,08:00:00,2
2.0,113.410804,23.198481,08:00:00,1
2.0,113.829352,22.762562,08:00:00,1
2.0,113.475857,23.5633,06:36:00,1
2.0,114.096056,22.55392,08:00:00,1
2.0,114.061668,22.571959,08:00:00,1
2.0,113.260912,23.136125,08:00:00,1
2.0,114.139648,22.966192,06:57:00,2
2.0,114.002272,22.981998,08:00:00,1
2.0,113.840691,23.11394,08:00:00,3
2.0,113.819426,23.061539,08:00:00,3
2.0,113.787325,23.046685,08:00:00,3
2.0,113.973821,23.039433,08:00:00,2
2.0,113.857529,22.948656,08:00:00,3
2.0,113.823403,23.120339,08:00:00,3
2.0,113.675092,22.937492,08:00:00,2
2.0,113.912095,22.986327,08:00:00,2
2.0,113.762285,23.115301,08:00:00,3
2.0,113.985404,22.820322,08:00:00,1
2.0,114.198,22.83517,07:45:00,2
2.0,113.733896,23.076061,08:00:00,3
2.0,114.022867,23.066181,08:00:00,1
2.0,113.928126,22.922346,08:00:00,2
2.0,113.780553,23.049183,08:00:00,3
2.0,114.031215,23.027713,08:00:00,2
2.0,113.787249,22.785018,08:00:00,1
2.0,113.739975,22.928183,08:00:00,2
2.0,114.14749,22.808677,08:00:00,2
2.0,113.791876,23.058886,08:00:00,3
2.0,114.120386,22.862789,08:00:00,2
2.0,113.691586,22.827093,08:00:00,1
2.0,113.680441,22.814336,08:00:00,1
2.0,113.933518,23.01484,08:00:00,2
2.0,113.796218,22.79587,08:00:00,1
2.0,113.211855,23.181584,08:00:00,1
2.0,113.274805,22.825403,07:12:00,8
2.0,113.0551,23.033969,08:00:00,3
2.0,113.15652,23.042646,08:00:00,2
2.0,113.264191,22.849891,07:39:00,5
2.0,113.253881,22.777089,07:15:00,9
2.0,113.183563,23.081293,08:00:00,2
2.0,113.083441,22.953825,08:00:00,2
2.0,112.869282,23.116301,07:21:00,1
2.0,113.111914,23.064088,08:00:00,3
2.0,112.884605,22.894359,06:51:00,5
2.0,113.109483,23.12433,08:00:00,2
2.0,112.86817,23.184704,07:06:00,1
2.0,113.257526,22.837311,07:24:00,7
1.9923,113.820687,22.788347,08:00:00,1
1.9923,113.940914,22.642329,08:00:00,1
1.9923,114.045756,22.550191,08:00:00,1
1.9923,113.494401,23.165025,08:00:00,1
1.9923,113.934028,22.648168,08:00:00,1
1.9923,113.472175,23.175625,08:00:00,1
1.9923,114.136192,22.669112,08:00:00,1
1.9923,113.301635,23.268087,08:00:00,1
1.9923,113.330061,23.088394,08:00:00,1
1.9923,113.269359,23.077559,08:00:00,1
1.9923,113.281709,23.042548,08:00:00,1
1.9923,113.606336,23.128426,07:27:00,2
1.9923,114.019736,22.743525,08:00:00,1
1.9923,113.8453,22.735774,08:00:00,1
1.9923,114.319408,22.677719,08:00:00,2
1.9923,113.318957,23.045783,08:00:00,1
1.9923,113.325261,23.13433,08:00:00,1
1.9923,113.326677,23.092579,08:00:00,1
1.9923,113.808743,22.762143,08:00:00,1
1.9923,113.339109,23.080988,08:00:00,1
1.9923,113.848659,22.810679,08:00:00,1
1.9923,114.125244,22.615443,08:00:00,1
1.9923,113.324224,23.145345,08:00:00,1
1.9923,114.031515,22.668722,08:00:00,1
1.9923,113.34438,23.119504,08:00:00,1
1.9923,113.437797,23.132648,08:00:00,1
1.9923,113.453861,23.047881,08:00:00,1
1.9923,113.267982,23.200882,08:00:00,1
1.9923,113.921097,22.721676,08:00:00,1
1.9923,114.347332,22.701443,08:00:00,2
1.9923,114.130732,22.609817,08:00:00,1
1.9923,113.496133,23.171964,08:00:00,1
1.9923,113.331874,23.02919,08:00:00,1
1.9923,113.369335,23.152881,08:00:00,1
1.9923,113.215319,23.396451,08:00:00,3
1.9923,114.026051,22.67529,08:00:00,1
1.9923,113.915077,22.800291,08:00:00,1
1.9923,114.131389,22.555842,08:00:00,1
1.9923,113.327841,23.124553,08:00:00,1
1.9923,113.838079,22.743681,08:00:00,1
1.9923,113.295089,23.149271,08:00:00,1
1.9923,113.35164,23.299863,08:00:00,2
1.9923,113.227406,23.146261,08:00:00,2
1.9923,113.229655,23.203258,08:00:00,1
1.9923,113.88048,22.803578,08:00:00,1
1.9923,114.041342,22.741117,08:00:00,1
1.9923,113.555487,23.209231,07:36:00,1
1.9923,113.285521,23.238443,08:00:00,1
1.9923,113.37898,22.921528,08:00:00,2
1.9923,114.057432,22.69373,08:00:00,1
1.9923,113.264606,23.25202,08:00:00,1
1.9923,113.336174,23.215302,08:00:00,1
1.9923,114.000439,22.701362,08:00:00,1
1.9923,113.381176,23.096097,08:00:00,1
1.9923,113.399901,23.366579,07:48:00,2
1.9923,113.578363,23.108882,07:45:00,1
1.9923,113.378999,22.921637,08:00:00,2
1.9923,113.845161,22.696556,08:00:00,1
1.9923,113.939516,22.494063,08:00:00,1
1.9923,113.255173,23.147686,08:00:00,1
1.9923,113.330859,23.014966,08:00:00,1
1.9923,113.235196,23.152359,08:00:00,2
1.9923,113.227689,23.199756,08:00:00,1
1.9923,113.849949,22.619811,08:00:00,2
1.9923,113.920876,22.726269,08:00:00,1
1.9923,113.988473,22.685402,08:00:00,1
1.9923,113.921597,22.74019,08:00:00,1
1.9923,113.219005,23.081526,08:00:00,1
1.9923,113.247869,23.209195,08:00:00,1
1.9923,113.867961,22.595645,08:00:00,1
1.9923,113.333964,23.101793,08:00:00,1
1.9923,113.904866,22.759714,08:00:00,1
1.9923,113.880702,22.804594,08:00:00,1
1.9923,113.461607,22.955161,07:33:00,2
1.9923,113.412968,22.943258,08:00:00,1
1.9923,113.226045,23.392431,08:00:00,3
1.9923,113.243488,23.26303,08:00:00,2
1.9923,113.247424,23.273877,08:00:00,2
1.9923,114.362754,22.693583,08:00:00,1
1.9923,113.262162,23.099167,08:00:00,1
1.9923,113.371238,23.120488,08:00:00,1
1.9923,113.387189,23.048058,08:00:00,1
1.9923,113.317787,23.029619,08:00:00,1
1.9923,114.055381,22.652855,08:00:00,1
1.9923,113.219908,23.392352,08:00:00,3
1.9923,113.578058,22.751922,06:51:00,3
1.9923,113.815985,22.697844,08:00:00,1
1.9923,114.077826,22.721198,08:00:00,1
1.9923,113.933356,22.527525,08:00:00,1
1.9923,114.1638,22.622626,08:00:00,1
1.9923,113.242496,23.166063,08:00:00,2
1.9923,113.162896,23.469043,07:45:00,3
1.9923,113.976207,22.546174,08:00:00,1
1.9923,113.922639,22.540824,08:00:00,1
1.9923,113.920377,22.671491,08:00:00,1
1.9923,114.065075,22.730032,08:00:00,1
1.9923,113.881091,22.803059,08:00:00,1
1.9923,113.889842,22.582286,08:00:00,1
1.9923,113.410004,22.892953,07:54:00,2
1.9923,113.926899,22.537432,08:00:00,1
1.9923,113.378966,23.155817,08:00:00,1
1.9923,114.102633,22.568373,08:00:00,1
1.9923,113.350425,23.100669,08:00:00,1
1.9923,113.229895,23.112882,08:00:00,1
1.9923,113.411829,22.956544,08:00:00,1
1.9923,113.897042,22.808094,08:00:00,1
1.9923,113.473598,23.110039,08:00:00,1
1.9923,113.945862,22.699153,08:00:00,1
1.9923,113.390573,23.167896,08:00:00,1
1.9923,114.031131,22.622822,08:00:00,1
1.9923,113.210067,23.374725,08:00:00,3
1.9923,113.35543,22.97827,08:00:00,1
1.9923,113.368883,23.466244,07:00:00,1
1.9923,114.133723,22.545679,08:00:00,1
1.9923,114.129267,22.613007,08:00:00,1
1.9923,113.431002,22.964789,08:00:00,1
1.9923,113.355869,22.996967,08:00:00,1
1.9923,114.105983,22.562913,08:00:00,1
1.9923,113.990382,22.593345,08:00:00,1
1.9923,114.00305,22.667422,08:00:00,1
1.9923,113.316799,23.06335,08:00:00,1
1.9923,113.209894,23.058123,08:00:00,1
1.9923,113.275715,23.141363,08:00:00,1
1.9923,113.305417,23.339706,08:00:00,2
1.9923,114.040726,22.654059,08:00:00,1
1.9923,113.286936,23.214378,08:00:00,1
1.9923,114.016713,22.65472,08:00:00,1
1.9923,114.131318,22.549971,08:00:00,1
1.9923,113.276614,23.258496,08:00:00,1
1.9923,114.091181,22.541455,08:00:00,1
1.9923,113.870582,22.621286,08:00:00,1
1.9923,113.388363,23.134027,08:00:00,1
1.9923,113.870366,23.05402,08:00:00,3
1.9923,113.71544,23.039768,08:00:00,3
1.9923,113.72352,22.810973,08:00:00,1
1.9923,113.681592,22.823269,08:00:00,1
1.9923,113.798662,22.76769,08:00:00,1
1.9923,114.105348,22.769526,08:00:00,2
1.9923,113.767053,22.96937,08:00:00,3
1.9923,114.151974,22.761235,08:00:00,2
1.9923,113.66229,22.929345,08:00:00,2
1.9923,113.958475,23.053699,08:00:00,1
1.9923,113.782269,22.798649,08:00:00,1
1.9923,114.085426,22.976325,08:00:00,1
1.9923,113.724562,22.801761,08:00:00,1
1.9923,113.678648,22.963595,08:00:00,2
1.9923,113.939403,22.948517,08:00:00,2
1.9923,113.865418,22.920015,08:00:00,3
1.9923,113.840248,23.014449,08:00:00,3
1.9923,114.067686,23.043474,08:00:00,1
1.9923,114.180187,22.962496,07:00:00,2
1.9923,113.923816,22.961047,08:00:00,2
1.9923,114.040265,22.987346,08:00:00,2
1.9923,113.784069,23.093705,08:00:00,3
1.9923,113.985255,23.105495,08:00:00,2
1.9923,113.832825,23.042227,08:00:00,3
1.9923,113.710283,23.016329,08:00:00,2
1.9923,113.689163,22.832212,08:00:00,1
1.9923,113.755576,22.8204,08:00:00,1
1.9923,113.998527,22.910525,08:00:00,1
1.9923,114.04144,22.933476,08:00:00,2
1.9923,114.156049,22.816792,08:00:00,3
1.9923,113.642003,22.85065,08:00:00,1
1.9923,114.150772,22.765165,08:00:00,2
1.9923,114.183671,22.848728,07:48:00,2
1.9923,114.007934,23.070594,08:00:00,1
1.9923,113.662132,22.907607,08:00:00,1
1.9923,113.944739,23.097143,08:00:00,3
1.9923,113.736391,22.9731,08:00:00,2
1.9923,113.936295,22.962249,08:00:00,2
1.9923,113.866005,22.905281,08:00:00,2
1.9923,113.885066,22.956593,08:00:00,3
1.9923,113.7361,23.012891,08:00:00,2
1.9923,113.95669,22.986687,08:00:00,1
1.9923,114.17454,22.726013,08:00:00,2
1.9923,113.760893,22.980136,08:00:00,3
1.9923,114.169312,22.761861,08:00:00,2
1.9923,114.093328,22.770499,08:00:00,2
1.9923,114.140149,22.970974,06:57:00,3
1.9923,114.123809,22.927461,07:36:00,2
1.9923,113.972694,23.056917,08:00:00,1
1.9923,113.731079,22.857635,08:00:00,1
1.9923,114.154996,22.969485,06:54:00,3
1.9923,113.89069,22.958535,08:00:00,3
1.9923,114.012715,22.98412,08:00:00,2
1.9923,113.838947,22.805842,08:00:00,1
1.9923,113.848589,22.867798,08:00:00,1
1.9923,113.205387,23.188125,08:00:00,1
1.9923,113.09294,23.158884,08:00:00,3
1.9923,112.885419,23.197335,07:09:00,2
1.9923,113.167781,23.116108,08:00:00,2
1.9923,112.99215,23.10461,07:57:00,2
1.9923,112.936851,22.87546,07:06:00,1
1.9923,113.374217,22.816468,06:54:00,10
1.9923,113.022846,22.848344,07:39:00,1
1.9923,113.274266,22.947788,08:00:00,1
1.9923,113.33981,22.758389,07:30:00,8
1.9923,113.164752,23.197404,08:00:00,2
1.9923,113.149592,23.039749,08:00:00,2
1.9923,113.238154,22.859167,07:51:00,6
1.9923,112.863593,23.17893,07:09:00,2
1.9923,113.155671,22.850486,07:51:00,3
1.9923,113.17362,23.154408,08:00:00,2
1.9923,113.158742,22.713492,07:06:00,8
1.9923,113.105539,23.04329,08:00:00,3
1.9923,113.019837,23.258386,06:54:00,2
1.9923,113.092035,23.190689,07:45:00,2
1.9923,113.192885,23.122746,08:00:00,2
1.9923,113.025002,22.82251,07:24:00,1
1.9923,113.115516,23.05918,08:00:00,3
1.6879,113.309809,22.983303,08:00:00,1
1.562,113.344485,23.140365,08:00:00,1
1.4194,114.065357,22.538913,08:00:00,1
1.2701,113.25839,23.087982,08:00:00,1
1.227,113.310772,23.127697,08:00:00,1
1.2121,114.093508,22.708843,08:00:00,1
1.1203,113.996381,22.967164,08:00:00,1
0.9856,113.649068,22.940836,08:00:00,1
0.9847,113.660297,23.126932,07:42:00,2
0.9115,113.233557,23.252279,08:00:00,1
0.9115,113.07747,23.018857,08:00:00,2
0.908,113.76411,23.015994,08:00:00,2
0.9045,113.832363,23.044736,08:00:00,2
0.9011,113.776895,23.059438,08:00:00,2
0.8907,113.331886,23.282362,08:00:00,1
0.8398,113.111215,23.146495,08:00:00,2
0.75,113.239011,23.108456,08:00:00,1
0.7461,114.256978,22.729527,08:00:00,1
0.7329,113.334395,23.092183,08:00:00,1
0.7329,114.133602,22.559631,08:00:00,1
0.7301,113.747859,22.785964,08:00:00,1
0.7272,113.401632,23.04801,08:00:00,1
0.7245,114.021308,22.667073,08:00:00,1
0.7245,113.337437,23.100183,08:00:00,1
0.7079,113.328932,23.135042,08:00:00,1
0.7077,113.353962,23.180978,08:00:00,1
0.6838,113.550495,23.115794,08:00:00,1
0.6666,113.811977,22.711261,08:00:00,1
0.6606,113.283324,23.463938,08:00:00,1
0.5676,113.23763,23.109659,08:00:00,1
0.5462,114.15775,22.625287,08:00:00,1
0.3823,114.181531,22.567391,08:00:00,1
0.3808,113.962821,22.562082,08:00:00,1
0.3808,113.213867,23.388962,08:00:00,1
0.3794,114.10969,22.544267,08:00:00,1
0.3794,114.293377,22.73447,08:00:00,1
0.3794,113.430484,23.126134,08:00:00,1
0.3794,113.2858,23.113299,08:00:00,1
0.3779,113.34069,23.190896,08:00:00,1
0.3779,113.267879,23.123978,08:00:00,1
0.3779,113.309771,23.297187,08:00:00,1
0.3779,113.932363,22.524853,08:00:00,1
0.3779,113.947665,22.554932,08:00:00,1
0.3764,113.294234,23.036541,08:00:00,1
0.3764,114.007083,22.677466,08:00:00,1
0.3764,113.794141,23.097177,08:00:00,1
0.3764,113.16049,23.025983,08:00:00,1
0.375,113.341252,23.191485,08:00:00,1
0.375,113.356821,22.960654,08:00:00,1
0.375,113.971681,22.588816,08:00:00,1
0.375,113.161075,23.09324,08:00:00,1
0.3736,113.265977,23.176391,08:00:00,1
0.3736,114.083933,22.537965,08:00:00,1
0.3736,113.415681,23.125325,08:00:00,1
0.3736,113.364311,23.095389,08:00:00,1
0.3721,113.836685,22.73711,08:00:00,1
0.3721,113.524417,23.089928,08:00:00,1
0.3721,113.437809,23.114597,08:00:00,1
0.3721,113.33432,23.153595,08:00:00,1
0.3721,113.317763,23.041501,08:00:00,1
0.3721,114.050897,22.516122,08:00:00,1
0.3721,114.000754,22.678757,08:00:00,1
0.3721,113.879685,22.582619,08:00:00,1
0.3721,114.220208,22.631252,08:00:00,1
0.3707,113.795383,22.709633,08:00:00,1
0.3707,113.256934,23.106351,08:00:00,1
0.3707,113.940057,22.494423,08:00:00,1
0.3707,116.122526,24.293405,07:24:00,1
0.3707,113.204456,23.158466,08:00:00,1
0.3707,113.351206,23.183163,08:00:00,1
0.3707,113.750679,22.79171,08:00:00,1
0.3707,113.241417,22.820459,07:45:00,3
0.3707,112.84557,22.944018,06:57:00,2
0.3707,113.13176,22.989608,08:00:00,1
0.3693,113.785591,23.260226,07:00:00,1
0.3693,113.456987,22.868659,07:45:00,1
0.3693,114.085394,22.542164,08:00:00,1
0.3693,114.429571,22.641969,07:15:00,1
0.3693,114.08732,22.553168,08:00:00,1
0.3693,113.459465,23.103622,08:00:00,1
0.3693,113.267231,23.139774,08:00:00,1
0.3678,114.113674,22.616148,08:00:00,1
0.3678,113.394607,23.11996,08:00:00,1
0.3678,113.974886,22.541287,08:00:00,1
0.3678,113.399886,23.048139,08:00:00,1
0.3678,113.361953,23.138078,08:00:00,1
0.3678,111.229119,21.53332,06:33:00,5
0.3678,113.982837,22.686509,08:00:00,1
0.3678,114.268835,22.597055,07:54:00,1
0.3678,113.254156,22.989311,08:00:00,1
0.3664,113.84745,22.617745,08:00:00,1
0.3664,113.34135,23.282406,08:00:00,1
0.3664,113.297393,23.11935,08:00:00,1
0.3664,113.915402,22.78981,08:00:00,1
0.3664,114.229877,22.697284,08:00:00,1
0.3664,114.017811,22.73786,08:00:00,1
0.3664,113.669414,22.897819,08:00:00,1
0.365,114.068462,22.635813,08:00:00,1
0.365,113.996969,22.667868,08:00:00,1
0.365,113.818122,22.764687,08:00:00,1
0.365,114.142063,22.559829,08:00:00,1
0.365,113.401725,23.049722,08:00:00,1
0.365,113.301598,23.220557,08:00:00,1
0.365,114.194805,22.643389,08:00:00,1
0.365,114.0613,22.914986,08:00:00,1
0.365,112.851532,23.068304,06:54:00,1
0.365,113.09069,23.045104,08:00:00,1
0.365,113.113304,23.058126,08:00:00,1
0.3636,113.412964,23.054918,08:00:00,1
0.3636,113.390047,22.785235,07:03:00,3
0.3636,114.237851,22.557314,08:00:00,1
0.3636,113.299249,23.222086,08:00:00,1
0.3636,114.045913,22.657737,08:00:00,1
0.3636,114.075841,22.724736,08:00:00,1
0.3636,113.92102,22.535841,08:00:00,1
0.3636,113.283361,23.114495,08:00:00,1
0.3636,114.014637,22.65537,08:00:00,1
0.3636,114.135821,22.607224,08:00:00,1
0.3636,114.19549,22.635943,08:00:00,1
0.3636,113.368326,23.127199,08:00:00,1
0.3636,113.344864,23.086145,08:00:00,1
0.3636,113.869058,22.607974,08:00:00,1
0.3636,114.03156,22.669242,08:00:00,1
0.3636,113.352632,23.152238,08:00:00,1
0.3636,114.08765,22.6343,08:00:00,1
0.3636,113.536227,23.091579,08:00:00,1
0.3636,113.261542,23.130042,08:00:00,1
0.3636,113.395357,23.057688,08:00:00,1
0.3636,113.302009,23.234287,08:00:00,1
0.3636,113.385584,23.093022,08:00:00,1
0.3636,114.051308,22.660771,08:00:00,1
0.3636,113.869454,22.571383,08:00:00,1
0.3636,113.314419,23.08144,08:00:00,1
0.3636,113.365381,22.925945,08:00:00,1
0.3636,113.795512,23.036259,08:00:00,1
0.3636,113.77925,23.035068,08:00:00,1
0.3636,114.159845,22.796321,08:00:00,1
0.3636,113.268151,22.94227,08:00:00,1
0.3636,113.28,23.4561,08:00:00,1
0.3622,113.619693,23.58785,07:00:00,2
0.3622,113.942687,22.673385,08:00:00,1
0.3622,114.036209,22.648069,08:00:00,1
0.3622,114.118211,22.60285,08:00:00,1
0.3622,114.114983,22.615604,08:00:00,1
0.3622,113.804501,22.710186,08:00:00,1
0.3622,114.192165,22.647217,08:00:00,1
0.3622,113.797405,22.699995,08:00:00,1
0.3622,114.057133,22.509002,08:00:00,1
0.3622,113.840217,22.735088,08:00:00,1
0.3622,114.24983,22.710357,08:00:00,1
0.3622,114.247744,22.708666,08:00:00,1
0.3622,113.394477,23.049141,08:00:00,1
0.3622,113.609213,23.222997,07:12:00,1
0.3622,113.575233,23.30871,06:39:00,1
0.3622,113.317045,23.126572,08:00:00,1
0.3622,113.845027,22.80265,08:00:00,1
0.3622,114.126191,22.549708,08:00:00,1
0.3622,113.336,23.1441,08:00:00,1
0.3622,113.445166,23.372588,07:21:00,1
0.3622,113.910578,22.48433,08:00:00,1
0.3622,114.075145,22.534348,08:00:00,1
0.3622,114.190426,22.640956,08:00:00,1
0.3622,113.394681,23.131268,08:00:00,1
0.3622,113.385417,23.092992,08:00:00,1
0.3622,113.767788,22.779598,08:00:00,1
0.3622,113.998026,23.018359,08:00:00,1
0.3622,113.146958,23.027314,08:00:00,1
0.354,114.218031,22.641634,08:00:00,1
0.354,113.218555,23.106249,08:00:00,1
0.3535,113.251731,23.147679,08:00:00,1
0.3508,113.278701,23.103251,08:00:00,1
0.3508,113.325525,23.105029,08:00:00,1
0.3494,113.303099,23.12345,08:00:00,1
0.3467,113.264768,23.173973,08:00:00,1
0.3454,113.192373,23.132375,08:00:00,1
0.3419,114.136552,22.601552,08:00:00,1
0.3414,113.330106,23.188935,08:00:00,1
0.3414,113.268413,23.140092,08:00:00,1
0.3398,113.931471,22.51238,08:00:00,1
0.3252,114.161286,22.558309,08:00:00,1
0.2886,113.360937,23.198685,08:00:00,1
0.2861,115.374799,22.800504,06:36:00,2
0.2853,113.87611,22.752244,08:00:00,1
0.285,113.225269,23.214208,08:00:00,1
0.2408,113.248571,23.118348,08:00:00,1
0.237,114.236176,22.703625,08:00:00,1
0.2264,114.053635,22.528654,08:00:00,1
0.1566,113.891204,23.071442,08:00:00,1
0.143,113.464494,23.170703,08:00:00,1
0.143,113.351212,23.148752,08:00:00,1
0.143,113.272225,23.131781,08:00:00,1
0.143,113.289247,23.063448,08:00:00,1
0.143,113.965266,23.022259,08:00:00,1
0.143,112.834761,23.159187,07:09:00,1
0.1403,113.270764,23.103973,08:00:00,1
0.1331,113.850308,22.807693,08:00:00,1
0.1097,113.017223,22.966469,08:00:00,1
0.1092,113.315579,23.258072,08:00:00,1
0.1092,113.233272,23.029455,08:00:00,1
0.093,114.16409,22.68551,08:00:00,1
0.093,113.364883,22.956234,08:00:00,1
0.093,114.025402,22.656633,08:00:00,1
0.093,114.107986,22.545845,08:00:00,1
0.093,114.088355,22.656513,08:00:00,1
0.093,113.271094,23.161377,08:00:00,1
0.0927,113.432903,23.157744,08:00:00,1
0.0927,113.605555,23.316914,06:42:00,1
0.0927,113.149094,23.355583,07:48:00,1
0.0927,113.662626,23.000026,08:00:00,1
0.0927,113.243096,22.781126,07:48:00,2
0.0923,113.811609,22.720263,08:00:00,1
0.0923,114.020889,22.923575,08:00:00,1
0.092,114.263625,22.743748,08:00:00,1
0.092,114.012307,22.659456,08:00:00,1
0.0916,113.34978,23.1831,08:00:00,1
0.0916,113.894997,22.574637,08:00:00,1
0.0916,114.158236,22.850577,08:00:00,1
0.0913,113.927887,22.655628,08:00:00,1
0.0913,113.899875,22.564083,08:00:00,1
0.0913,113.634497,23.123324,07:57:00,1
0.0913,114.323155,22.782264,08:00:00,1
0.0913,113.270151,23.189315,08:00:00,1
0.0913,113.847286,22.934209,08:00:00,1
0.081,114.08928,22.554156,08:00:00,1
0.0451,113.334035,23.193221,08:00:00,1
0.041,113.925047,22.531045,08:00:00,1
0.041,114.043671,22.639528,08:00:00,1
0.0377,113.386469,23.140301,08:00:00,1
0.0358,113.278354,23.233649,08:00:00,1
0.0247,113.405613,23.129889,08:00:00,1
0.0194,113.648792,22.932951,08:00:00,1
0.0193,113.782869,23.264235,07:03:00,1
0.0124,113.277245,22.840505,08:00:00,1
0.0121,113.287606,23.069415,08:00:00,1
0.0062,113.301736,23.333446,08:00:00,1
0.0036,113.994101,22.693506,08:00:00,1
0.0001,113.239864,23.133238,08:00:00,1
